File Name,Chunk Size (MB),Number of Chunks,Run Time (Seconds)
,1M, Num_Chunks:2048,6.2452
,1M, Num_Chunks:2048,6.6036
,1M, Num_Chunks:2048,6.3945
,1M, Num_Chunks:2048,6.3266
,1M, Num_Chunks:2048,6.3204
,1M, Num_Chunks:2048,5.8693
,1M, Num_Chunks:2048,5.9648
,1M, Num_Chunks:2048,5.9673
,1M, Num_Chunks:2048,6.3947
,1M, Num_Chunks:2048,6.3718
,2M, Num_Chunks:1024,5.7892
,2M, Num_Chunks:1024,5.6506
,2M, Num_Chunks:1024,5.5440
,2M, Num_Chunks:1024,5.5685
,2M, Num_Chunks:1024,5.6004
,2M, Num_Chunks:1024,5.7808
,2M, Num_Chunks:1024,6.3581
,2M, Num_Chunks:1024,5.3957
,2M, Num_Chunks:1024,5.6616
,2M, Num_Chunks:1024,5.8344
,3M, Num_Chunks:682,5.3797
,3M, Num_Chunks:682,5.7655
,3M, Num_Chunks:682,5.3950
,3M, Num_Chunks:682,6.0740
,3M, Num_Chunks:682,5.3029
,3M, Num_Chunks:682,5.6697
,3M, Num_Chunks:682,5.6248
,3M, Num_Chunks:682,5.5834
,3M, Num_Chunks:682,6.2196
,3M, Num_Chunks:682,5.6346
,4M, Num_Chunks:512,5.9804
,4M, Num_Chunks:512,5.9530
,4M, Num_Chunks:512,5.7539
,4M, Num_Chunks:512,5.7684
,4M, Num_Chunks:512,5.6220
,4M, Num_Chunks:512,5.8276
,4M, Num_Chunks:512,6.0928
,4M, Num_Chunks:512,5.2177
,4M, Num_Chunks:512,5.6098
,4M, Num_Chunks:512,5.8647
,5M, Num_Chunks:409,5.7469
,5M, Num_Chunks:409,6.3177
,5M, Num_Chunks:409,5.5523
,5M, Num_Chunks:409,5.8992
,5M, Num_Chunks:409,5.4868
,5M, Num_Chunks:409,5.9983
,5M, Num_Chunks:409,6.0536
,5M, Num_Chunks:409,5.3984
,5M, Num_Chunks:409,5.7817
,5M, Num_Chunks:409,5.7407
,6M, Num_Chunks:341,6.0313
,6M, Num_Chunks:341,5.9437
,6M, Num_Chunks:341,5.7108
,6M, Num_Chunks:341,5.8412
,6M, Num_Chunks:341,5.8416
,6M, Num_Chunks:341,5.3812
,6M, Num_Chunks:341,6.3265
,6M, Num_Chunks:341,5.5250
,6M, Num_Chunks:341,5.7321
,6M, Num_Chunks:341,5.8364
,7M, Num_Chunks:292,5.7002
,7M, Num_Chunks:292,5.8167
,7M, Num_Chunks:292,5.5952
,7M, Num_Chunks:292,6.3440
,7M, Num_Chunks:292,5.6399
,7M, Num_Chunks:292,5.5109
,7M, Num_Chunks:292,5.7951
,7M, Num_Chunks:292,5.6019
,7M, Num_Chunks:292,6.0413
,7M, Num_Chunks:292,5.6887
,8M, Num_Chunks:256,6.4500
,8M, Num_Chunks:256,5.6337
,8M, Num_Chunks:256,5.3326
,8M, Num_Chunks:256,6.1562
,8M, Num_Chunks:256,5.7420
,8M, Num_Chunks:256,6.0410
,8M, Num_Chunks:256,6.1204
,8M, Num_Chunks:256,5.5435
,8M, Num_Chunks:256,5.9028
,8M, Num_Chunks:256,6.1515
,9M, Num_Chunks:227,5.6655
,9M, Num_Chunks:227,5.7812
,9M, Num_Chunks:227,5.7801
,9M, Num_Chunks:227,6.1690
,9M, Num_Chunks:227,5.8070
,9M, Num_Chunks:227,5.8058
,9M, Num_Chunks:227,5.6679
,9M, Num_Chunks:227,5.5684
,9M, Num_Chunks:227,6.1010
,9M, Num_Chunks:227,5.9766
,10M, Num_Chunks:204,6.4377
,10M, Num_Chunks:204,6.4074
,10M, Num_Chunks:204,5.3405
,10M, Num_Chunks:204,6.0246
,10M, Num_Chunks:204,5.7494
,10M, Num_Chunks:204,5.6331
,10M, Num_Chunks:204,6.0073
,10M, Num_Chunks:204,5.2424
,10M, Num_Chunks:204,5.9147
,10M, Num_Chunks:204,5.9504
,11M, Num_Chunks:186,5.3000
,11M, Num_Chunks:186,6.7908
,11M, Num_Chunks:186,5.7291
,11M, Num_Chunks:186,6.1115
,11M, Num_Chunks:186,7.3107
,11M, Num_Chunks:186,6.0676
,11M, Num_Chunks:186,5.5840
,11M, Num_Chunks:186,6.6363
,11M, Num_Chunks:186,5.9926
,11M, Num_Chunks:186,5.6387
,12M, Num_Chunks:170,6.8661
,12M, Num_Chunks:170,6.3749
,12M, Num_Chunks:170,6.3666
,12M, Num_Chunks:170,5.8204
,12M, Num_Chunks:170,6.2579
,12M, Num_Chunks:170,5.6859
,12M, Num_Chunks:170,6.4705
,12M, Num_Chunks:170,7.0623
,12M, Num_Chunks:170,6.4462
,12M, Num_Chunks:170,5.5711
,13M, Num_Chunks:157,5.8724
,13M, Num_Chunks:157,7.6356
,13M, Num_Chunks:157,6.5242
,13M, Num_Chunks:157,6.1579
,13M, Num_Chunks:157,6.7856
,13M, Num_Chunks:157,5.9969
,13M, Num_Chunks:157,6.6787
,13M, Num_Chunks:157,6.2167
,13M, Num_Chunks:157,8.1548
,13M, Num_Chunks:157,8.1035
,14M, Num_Chunks:146,5.0562
,14M, Num_Chunks:146,6.0554
,14M, Num_Chunks:146,5.8348
,14M, Num_Chunks:146,5.6888
,14M, Num_Chunks:146,6.2736
,14M, Num_Chunks:146,5.7089
,14M, Num_Chunks:146,7.1951
,14M, Num_Chunks:146,6.1994
,14M, Num_Chunks:146,5.7306
,14M, Num_Chunks:146,5.9786
,15M, Num_Chunks:136,8.1147
,15M, Num_Chunks:136,11.7924
,15M, Num_Chunks:136,5.9064
,15M, Num_Chunks:136,6.5016
,15M, Num_Chunks:136,5.4527
,15M, Num_Chunks:136,5.6911
,15M, Num_Chunks:136,6.2605
,15M, Num_Chunks:136,6.9496
,15M, Num_Chunks:136,5.6646
,15M, Num_Chunks:136,5.5947
,16M, Num_Chunks:128,5.5002
,16M, Num_Chunks:128,7.2920
,16M, Num_Chunks:128,5.4683
,16M, Num_Chunks:128,6.9176
,16M, Num_Chunks:128,6.0614
,16M, Num_Chunks:128,6.3660
,16M, Num_Chunks:128,5.9690
,16M, Num_Chunks:128,5.7310
,16M, Num_Chunks:128,5.4764
,16M, Num_Chunks:128,5.5442
,17M, Num_Chunks:120,5.7897
,17M, Num_Chunks:120,8.2186
,17M, Num_Chunks:120,6.1549
,17M, Num_Chunks:120,6.8143
,17M, Num_Chunks:120,6.0539
,17M, Num_Chunks:120,5.5994
,17M, Num_Chunks:120,6.1259
,17M, Num_Chunks:120,5.9511
,17M, Num_Chunks:120,5.8476
,17M, Num_Chunks:120,6.0160
,18M, Num_Chunks:113,7.6836
,18M, Num_Chunks:113,7.0235
,18M, Num_Chunks:113,9.7260
,18M, Num_Chunks:113,6.6058
,18M, Num_Chunks:113,6.3579
,18M, Num_Chunks:113,5.6819
,18M, Num_Chunks:113,5.9213
,18M, Num_Chunks:113,5.6984
,18M, Num_Chunks:113,6.0709
,18M, Num_Chunks:113,6.2748
,19M, Num_Chunks:107,5.9747
,19M, Num_Chunks:107,5.9657
,19M, Num_Chunks:107,13.5654
,19M, Num_Chunks:107,6.1757
,19M, Num_Chunks:107,5.7298
,19M, Num_Chunks:107,6.3304
,19M, Num_Chunks:107,8.0228
,19M, Num_Chunks:107,5.4474
,19M, Num_Chunks:107,5.7518
,19M, Num_Chunks:107,6.4258
,20M, Num_Chunks:102,6.4692
,20M, Num_Chunks:102,5.7751
,20M, Num_Chunks:102,5.6509
,20M, Num_Chunks:102,5.6846
,20M, Num_Chunks:102,5.7903
,20M, Num_Chunks:102,6.0963
,20M, Num_Chunks:102,5.7318
,20M, Num_Chunks:102,6.2083
,20M, Num_Chunks:102,6.0957
,20M, Num_Chunks:102,6.2991
,21M, Num_Chunks:97,7.0907
,21M, Num_Chunks:97,6.6977
,21M, Num_Chunks:97,5.5693
,21M, Num_Chunks:97,6.2060
,21M, Num_Chunks:97,5.7082
,21M, Num_Chunks:97,6.0305
,21M, Num_Chunks:97,6.2620
,21M, Num_Chunks:97,6.4316
,21M, Num_Chunks:97,6.4115
,21M, Num_Chunks:97,9.1878
,22M, Num_Chunks:93,6.3236
,22M, Num_Chunks:93,6.1522
,22M, Num_Chunks:93,6.1243
,22M, Num_Chunks:93,6.0644
,22M, Num_Chunks:93,5.8103
,22M, Num_Chunks:93,5.7952
,22M, Num_Chunks:93,5.6922
,22M, Num_Chunks:93,5.8526
,22M, Num_Chunks:93,6.8507
,22M, Num_Chunks:93,7.6283
,23M, Num_Chunks:89,5.8207
,23M, Num_Chunks:89,5.8246
,23M, Num_Chunks:89,6.1045
,23M, Num_Chunks:89,5.7212
,23M, Num_Chunks:89,13.0471
,23M, Num_Chunks:89,5.8307
,23M, Num_Chunks:89,6.4116
,23M, Num_Chunks:89,6.6646
,23M, Num_Chunks:89,5.6305
,23M, Num_Chunks:89,6.0379
,24M, Num_Chunks:85,6.0852
,24M, Num_Chunks:85,5.9579
,24M, Num_Chunks:85,6.3153
,24M, Num_Chunks:85,6.7963
,24M, Num_Chunks:85,7.4198
,24M, Num_Chunks:85,6.8519
,24M, Num_Chunks:85,14.9915
,24M, Num_Chunks:85,6.3212
,24M, Num_Chunks:85,6.3069
,24M, Num_Chunks:85,7.1778
,25M, Num_Chunks:81,5.8935
,25M, Num_Chunks:81,6.4787
,25M, Num_Chunks:81,8.6562
,25M, Num_Chunks:81,6.1234
,25M, Num_Chunks:81,5.9326
,25M, Num_Chunks:81,5.4247
,25M, Num_Chunks:81,8.7069
,25M, Num_Chunks:81,6.5366
,25M, Num_Chunks:81,5.6769
,25M, Num_Chunks:81,6.3745
,26M, Num_Chunks:78,5.9985
,26M, Num_Chunks:78,7.7470
,26M, Num_Chunks:78,5.5352
,26M, Num_Chunks:78,5.6206
,26M, Num_Chunks:78,6.2675
,26M, Num_Chunks:78,6.6775
,26M, Num_Chunks:78,9.3067
,26M, Num_Chunks:78,8.3689
,26M, Num_Chunks:78,5.9825
,26M, Num_Chunks:78,6.4490
,27M, Num_Chunks:75,5.9185
,27M, Num_Chunks:75,15.4018
,27M, Num_Chunks:75,6.1742
,27M, Num_Chunks:75,5.7606
,27M, Num_Chunks:75,7.2654
,27M, Num_Chunks:75,7.0890
,27M, Num_Chunks:75,6.1848
,27M, Num_Chunks:75,9.8356
,27M, Num_Chunks:75,10.0515
,27M, Num_Chunks:75,5.9309
,28M, Num_Chunks:73,5.8650
,28M, Num_Chunks:73,6.5769
,28M, Num_Chunks:73,5.9393
,28M, Num_Chunks:73,6.0359
,28M, Num_Chunks:73,6.3926
,28M, Num_Chunks:73,6.1594
,28M, Num_Chunks:73,5.8636
,28M, Num_Chunks:73,6.0497
,28M, Num_Chunks:73,6.2072
,28M, Num_Chunks:73,15.0917
,29M, Num_Chunks:70,7.0243
,29M, Num_Chunks:70,7.9478
,29M, Num_Chunks:70,5.7315
,29M, Num_Chunks:70,5.7133
,29M, Num_Chunks:70,5.6000
,29M, Num_Chunks:70,10.3659
,29M, Num_Chunks:70,5.8185
,29M, Num_Chunks:70,6.0083
,29M, Num_Chunks:70,6.9788
,29M, Num_Chunks:70,6.5421
,30M, Num_Chunks:68,6.1344
,30M, Num_Chunks:68,5.9537
,30M, Num_Chunks:68,5.8846
,30M, Num_Chunks:68,6.8577
,30M, Num_Chunks:68,6.4178
,30M, Num_Chunks:68,9.0553
,30M, Num_Chunks:68,6.0974
,30M, Num_Chunks:68,5.8746
,30M, Num_Chunks:68,5.5963
,30M, Num_Chunks:68,6.2190
,31M, Num_Chunks:66,8.8008
,31M, Num_Chunks:66,7.2432
,31M, Num_Chunks:66,5.1416
,31M, Num_Chunks:66,5.5926
,31M, Num_Chunks:66,6.3701
,31M, Num_Chunks:66,6.6370
,31M, Num_Chunks:66,6.7506
,31M, Num_Chunks:66,7.8873
,31M, Num_Chunks:66,6.8304
,31M, Num_Chunks:66,6.2809
,32M, Num_Chunks:64,6.0769
,32M, Num_Chunks:64,5.7755
,32M, Num_Chunks:64,6.3865
,32M, Num_Chunks:64,6.3326
,32M, Num_Chunks:64,6.6962
,32M, Num_Chunks:64,6.2298
,32M, Num_Chunks:64,7.1126
,32M, Num_Chunks:64,5.4095
,32M, Num_Chunks:64,5.8732
,32M, Num_Chunks:64,6.1829
,33M, Num_Chunks:62,5.8723
,33M, Num_Chunks:62,6.1556
,33M, Num_Chunks:62,6.3433
,33M, Num_Chunks:62,5.8127
,33M, Num_Chunks:62,7.4940
,33M, Num_Chunks:62,6.3886
,33M, Num_Chunks:62,5.6252
,33M, Num_Chunks:62,6.6206
,33M, Num_Chunks:62,5.2493
,33M, Num_Chunks:62,5.4683
,34M, Num_Chunks:60,6.6637
,34M, Num_Chunks:60,5.8843
,34M, Num_Chunks:60,11.7843
,34M, Num_Chunks:60,9.2132
,34M, Num_Chunks:60,10.8555
,34M, Num_Chunks:60,6.0749
,34M, Num_Chunks:60,9.2772
,34M, Num_Chunks:60,5.5814
,34M, Num_Chunks:60,5.9361
,34M, Num_Chunks:60,6.6520
,35M, Num_Chunks:58,5.5499
,35M, Num_Chunks:58,6.2746
,35M, Num_Chunks:58,5.6359
,35M, Num_Chunks:58,6.8357
,35M, Num_Chunks:58,7.8471
,35M, Num_Chunks:58,6.1396
,35M, Num_Chunks:58,6.1918
,35M, Num_Chunks:58,5.8051
,35M, Num_Chunks:58,6.6580
,35M, Num_Chunks:58,6.0575
,36M, Num_Chunks:56,6.7274
,36M, Num_Chunks:56,6.4213
,36M, Num_Chunks:56,6.7619
,36M, Num_Chunks:56,6.1971
,36M, Num_Chunks:56,6.3902
,36M, Num_Chunks:56,5.4681
,36M, Num_Chunks:56,7.0541
,36M, Num_Chunks:56,6.3249
,36M, Num_Chunks:56,6.4720
,36M, Num_Chunks:56,6.4440
,37M, Num_Chunks:55,16.2105
,37M, Num_Chunks:55,6.5557
,37M, Num_Chunks:55,5.5815
,37M, Num_Chunks:55,7.0096
,37M, Num_Chunks:55,6.0310
,37M, Num_Chunks:55,6.3738
,37M, Num_Chunks:55,7.4924
,37M, Num_Chunks:55,7.1820
,37M, Num_Chunks:55,6.3019
,37M, Num_Chunks:55,6.4216
,38M, Num_Chunks:53,6.8735
,38M, Num_Chunks:53,5.9197
,38M, Num_Chunks:53,6.1125
,38M, Num_Chunks:53,7.8502
,38M, Num_Chunks:53,16.5940
,38M, Num_Chunks:53,6.0458
,38M, Num_Chunks:53,6.2856
,38M, Num_Chunks:53,5.3804
,38M, Num_Chunks:53,11.0250
,38M, Num_Chunks:53,6.1325
,39M, Num_Chunks:52,7.4851
,39M, Num_Chunks:52,6.0983
,39M, Num_Chunks:52,5.9947
,39M, Num_Chunks:52,5.7886
,39M, Num_Chunks:52,6.0916
,39M, Num_Chunks:52,5.6940
,39M, Num_Chunks:52,6.4546
,39M, Num_Chunks:52,7.1185
,39M, Num_Chunks:52,5.5762
,39M, Num_Chunks:52,6.2687
,40M, Num_Chunks:51,5.8681
,40M, Num_Chunks:51,10.6214
,40M, Num_Chunks:51,10.1828
,40M, Num_Chunks:51,6.3133
,40M, Num_Chunks:51,6.3026
,40M, Num_Chunks:51,6.5193
,40M, Num_Chunks:51,6.7192
,40M, Num_Chunks:51,5.7355
,40M, Num_Chunks:51,6.1624
,40M, Num_Chunks:51,6.3146
,41M, Num_Chunks:49,6.7804
,41M, Num_Chunks:49,6.3378
,41M, Num_Chunks:49,5.7115
,41M, Num_Chunks:49,5.8257
,41M, Num_Chunks:49,10.8837
,41M, Num_Chunks:49,5.4105
,41M, Num_Chunks:49,5.8684
,41M, Num_Chunks:49,6.2567
,41M, Num_Chunks:49,5.6373
,41M, Num_Chunks:49,17.2375
,42M, Num_Chunks:48,6.0457
,42M, Num_Chunks:48,6.6911
,42M, Num_Chunks:48,5.7136
,42M, Num_Chunks:48,7.4177
,42M, Num_Chunks:48,6.2555
,42M, Num_Chunks:48,5.9965
,42M, Num_Chunks:48,5.9339
,42M, Num_Chunks:48,6.4567
,42M, Num_Chunks:48,11.8010
,42M, Num_Chunks:48,16.3575
,43M, Num_Chunks:47,6.9784
,43M, Num_Chunks:47,6.6444
,43M, Num_Chunks:47,6.0010
,43M, Num_Chunks:47,6.9485
,43M, Num_Chunks:47,6.3483
,43M, Num_Chunks:47,6.5191
,43M, Num_Chunks:47,6.8725
,43M, Num_Chunks:47,6.7508
,43M, Num_Chunks:47,5.5639
,43M, Num_Chunks:47,5.9097
,44M, Num_Chunks:46,16.7506
,44M, Num_Chunks:46,6.2233
,44M, Num_Chunks:46,5.9191
,44M, Num_Chunks:46,6.9168
,44M, Num_Chunks:46,6.4687
,44M, Num_Chunks:46,6.3339
,44M, Num_Chunks:46,6.2103
,44M, Num_Chunks:46,6.9066
,44M, Num_Chunks:46,5.9985
,44M, Num_Chunks:46,5.8823
,45M, Num_Chunks:45,5.9243
,45M, Num_Chunks:45,6.5490
,45M, Num_Chunks:45,5.7027
,45M, Num_Chunks:45,5.9596
,45M, Num_Chunks:45,6.6254
,45M, Num_Chunks:45,6.0545
,45M, Num_Chunks:45,6.3551
,45M, Num_Chunks:45,6.4435
,45M, Num_Chunks:45,11.7005
,45M, Num_Chunks:45,7.4528
,46M, Num_Chunks:44,7.5530
,46M, Num_Chunks:44,6.7694
,46M, Num_Chunks:44,6.1091
,46M, Num_Chunks:44,6.0661
,46M, Num_Chunks:44,6.5807
,46M, Num_Chunks:44,5.6057
,46M, Num_Chunks:44,5.6240
,46M, Num_Chunks:44,15.1829
,46M, Num_Chunks:44,5.6471
,46M, Num_Chunks:44,6.2416
,47M, Num_Chunks:43,5.3401
,47M, Num_Chunks:43,6.6107
,47M, Num_Chunks:43,15.8480
,47M, Num_Chunks:43,6.3457
,47M, Num_Chunks:43,16.6436
,47M, Num_Chunks:43,6.0471
,47M, Num_Chunks:43,6.0418
,47M, Num_Chunks:43,6.2839
,47M, Num_Chunks:43,7.8079
,47M, Num_Chunks:43,8.0417
,48M, Num_Chunks:42,6.3239
,48M, Num_Chunks:42,6.8388
,48M, Num_Chunks:42,5.8460
,48M, Num_Chunks:42,6.5315
,48M, Num_Chunks:42,13.4837
,48M, Num_Chunks:42,6.5831
,48M, Num_Chunks:42,6.3747
,48M, Num_Chunks:42,5.7863
,48M, Num_Chunks:42,5.9547
,48M, Num_Chunks:42,5.8529
,49M, Num_Chunks:41,17.3821
,49M, Num_Chunks:41,6.3750
,49M, Num_Chunks:41,6.0536
,49M, Num_Chunks:41,6.0544
,49M, Num_Chunks:41,10.6279
,49M, Num_Chunks:41,5.9809
,49M, Num_Chunks:41,6.1987
,49M, Num_Chunks:41,7.7500
,49M, Num_Chunks:41,7.2770
,49M, Num_Chunks:41,7.0391
,50M, Num_Chunks:40,6.4659
,50M, Num_Chunks:40,5.9957
,50M, Num_Chunks:40,6.7678
,50M, Num_Chunks:40,5.9048
,50M, Num_Chunks:40,8.5255
,50M, Num_Chunks:40,10.3976
,50M, Num_Chunks:40,6.0980
,50M, Num_Chunks:40,6.2916
,50M, Num_Chunks:40,7.0386
,50M, Num_Chunks:40,5.5022
,51M, Num_Chunks:40,6.1783
,51M, Num_Chunks:40,6.3440
,51M, Num_Chunks:40,5.8110
,51M, Num_Chunks:40,6.3706
,51M, Num_Chunks:40,6.9461
,51M, Num_Chunks:40,7.9629
,51M, Num_Chunks:40,6.8989
,51M, Num_Chunks:40,6.0284
,51M, Num_Chunks:40,14.2401
,51M, Num_Chunks:40,6.5378
,52M, Num_Chunks:39,7.6188
,52M, Num_Chunks:39,8.7729
,52M, Num_Chunks:39,6.7607
,52M, Num_Chunks:39,6.6818
,52M, Num_Chunks:39,6.5662
,52M, Num_Chunks:39,6.6484
,52M, Num_Chunks:39,6.6638
,52M, Num_Chunks:39,7.5887
,52M, Num_Chunks:39,6.7663
,52M, Num_Chunks:39,6.4130
,53M, Num_Chunks:38,7.5382
,53M, Num_Chunks:38,6.8605
,53M, Num_Chunks:38,5.7042
,53M, Num_Chunks:38,5.6802
,53M, Num_Chunks:38,6.7734
,53M, Num_Chunks:38,7.1765
,53M, Num_Chunks:38,6.6277
,53M, Num_Chunks:38,7.9034
,53M, Num_Chunks:38,6.1231
,53M, Num_Chunks:38,16.9942
,54M, Num_Chunks:37,6.1919
,54M, Num_Chunks:37,5.7746
,54M, Num_Chunks:37,6.4740
,54M, Num_Chunks:37,14.7252
,54M, Num_Chunks:37,7.4869
,54M, Num_Chunks:37,6.8128
,54M, Num_Chunks:37,7.5069
,54M, Num_Chunks:37,6.6189
,54M, Num_Chunks:37,6.4740
,54M, Num_Chunks:37,6.1920
,55M, Num_Chunks:37,7.5471
,55M, Num_Chunks:37,6.8590
,55M, Num_Chunks:37,6.0911
,55M, Num_Chunks:37,6.0982
,55M, Num_Chunks:37,17.9476
,55M, Num_Chunks:37,6.4520
,55M, Num_Chunks:37,5.7414
,55M, Num_Chunks:37,7.6288
,55M, Num_Chunks:37,5.8125
,55M, Num_Chunks:37,6.4241
,56M, Num_Chunks:36,6.4172
,56M, Num_Chunks:36,6.2946
,56M, Num_Chunks:36,6.5039
,56M, Num_Chunks:36,7.1556
,56M, Num_Chunks:36,9.0518
,56M, Num_Chunks:36,6.3787
,56M, Num_Chunks:36,7.0423
,56M, Num_Chunks:36,6.2989
,56M, Num_Chunks:36,6.9331
,56M, Num_Chunks:36,8.1522
,57M, Num_Chunks:35,6.7932
,57M, Num_Chunks:35,9.9490
,57M, Num_Chunks:35,5.6203
,57M, Num_Chunks:35,6.7135
,57M, Num_Chunks:35,15.9844
,57M, Num_Chunks:35,10.0195
,57M, Num_Chunks:35,6.0908
,57M, Num_Chunks:35,6.8772
,57M, Num_Chunks:35,6.1500
,57M, Num_Chunks:35,6.5866
,58M, Num_Chunks:35,14.2564
,58M, Num_Chunks:35,6.2722
,58M, Num_Chunks:35,7.1212
,58M, Num_Chunks:35,7.3916
,58M, Num_Chunks:35,6.6527
,58M, Num_Chunks:35,17.5297
,58M, Num_Chunks:35,6.2731
,58M, Num_Chunks:35,7.8232
,58M, Num_Chunks:35,8.5403
,58M, Num_Chunks:35,8.4928
,59M, Num_Chunks:34,6.6693
,59M, Num_Chunks:34,6.0581
,59M, Num_Chunks:34,6.3364
,59M, Num_Chunks:34,17.1677
,59M, Num_Chunks:34,6.7381
,59M, Num_Chunks:34,17.7893
,59M, Num_Chunks:34,6.6936
,59M, Num_Chunks:34,6.2103
,59M, Num_Chunks:34,6.1462
,59M, Num_Chunks:34,6.3056
,60M, Num_Chunks:34,17.5609
,60M, Num_Chunks:34,8.5248
,60M, Num_Chunks:34,6.1902
,60M, Num_Chunks:34,7.5500
,60M, Num_Chunks:34,6.8453
,60M, Num_Chunks:34,6.3136
,60M, Num_Chunks:34,18.9141
,60M, Num_Chunks:34,13.8281
,60M, Num_Chunks:34,5.9982
,60M, Num_Chunks:34,8.1059
,61M, Num_Chunks:33,6.3003
,61M, Num_Chunks:33,7.5160
,61M, Num_Chunks:33,6.7111
,61M, Num_Chunks:33,6.8201
,61M, Num_Chunks:33,13.9073
,61M, Num_Chunks:33,12.7839
,61M, Num_Chunks:33,6.5506
,61M, Num_Chunks:33,17.6526
,61M, Num_Chunks:33,6.5647
,61M, Num_Chunks:33,7.2665
,62M, Num_Chunks:33,6.3765
,62M, Num_Chunks:33,7.1886
,62M, Num_Chunks:33,6.4820
,62M, Num_Chunks:33,6.9162
,62M, Num_Chunks:33,12.9381
,62M, Num_Chunks:33,7.4760
,62M, Num_Chunks:33,6.2113
,62M, Num_Chunks:33,5.7608
,62M, Num_Chunks:33,6.8562
,62M, Num_Chunks:33,8.2870
,63M, Num_Chunks:32,6.1407
,63M, Num_Chunks:32,8.9408
,63M, Num_Chunks:32,6.8849
,63M, Num_Chunks:32,7.2820
,63M, Num_Chunks:32,18.0297
,63M, Num_Chunks:32,7.3558
,63M, Num_Chunks:32,6.4905
,63M, Num_Chunks:32,15.3679
,63M, Num_Chunks:32,14.7335
,63M, Num_Chunks:32,7.7573
,64M, Num_Chunks:32,15.0498
,64M, Num_Chunks:32,7.2520
,64M, Num_Chunks:32,6.1859
,64M, Num_Chunks:32,9.7249
,64M, Num_Chunks:32,6.2139
,64M, Num_Chunks:32,7.2997
,64M, Num_Chunks:32,7.4757
,64M, Num_Chunks:32,6.2199
,64M, Num_Chunks:32,6.5237
,64M, Num_Chunks:32,13.8179
,65M, Num_Chunks:31,6.4915
,65M, Num_Chunks:31,8.9424
,65M, Num_Chunks:31,5.9785
,65M, Num_Chunks:31,13.5887
,65M, Num_Chunks:31,6.9452
,65M, Num_Chunks:31,6.3850
,65M, Num_Chunks:31,13.3639
,65M, Num_Chunks:31,6.7153
,65M, Num_Chunks:31,7.5741
,65M, Num_Chunks:31,7.4149
,66M, Num_Chunks:31,6.5361
,66M, Num_Chunks:31,7.7912
,66M, Num_Chunks:31,5.8853
,66M, Num_Chunks:31,6.3545
,66M, Num_Chunks:31,7.5118
,66M, Num_Chunks:31,7.6468
,66M, Num_Chunks:31,7.7666
,66M, Num_Chunks:31,6.2834
,66M, Num_Chunks:31,6.8894
,66M, Num_Chunks:31,6.5291
,67M, Num_Chunks:30,8.3466
,67M, Num_Chunks:30,19.1580
,67M, Num_Chunks:30,6.8962
,67M, Num_Chunks:30,7.4720
,67M, Num_Chunks:30,6.2580
,67M, Num_Chunks:30,6.4806
,67M, Num_Chunks:30,7.1951
,67M, Num_Chunks:30,6.0955
,67M, Num_Chunks:30,10.6371
,67M, Num_Chunks:30,7.2395
,68M, Num_Chunks:30,6.7399
,68M, Num_Chunks:30,7.3534
,68M, Num_Chunks:30,6.9627
,68M, Num_Chunks:30,6.7031
,68M, Num_Chunks:30,7.2694
,68M, Num_Chunks:30,6.5902
,68M, Num_Chunks:30,6.8189
,68M, Num_Chunks:30,6.3230
,68M, Num_Chunks:30,7.0905
,68M, Num_Chunks:30,6.7036
,69M, Num_Chunks:29,6.5332
,69M, Num_Chunks:29,7.1146
,69M, Num_Chunks:29,7.2351
,69M, Num_Chunks:29,6.9792
,69M, Num_Chunks:29,14.9226
,69M, Num_Chunks:29,6.7349
,69M, Num_Chunks:29,5.5620
,69M, Num_Chunks:29,6.7541
,69M, Num_Chunks:29,7.1465
,69M, Num_Chunks:29,11.2630
,70M, Num_Chunks:29,7.6183
,70M, Num_Chunks:29,7.6319
,70M, Num_Chunks:29,6.4233
,70M, Num_Chunks:29,6.5758
,70M, Num_Chunks:29,6.7066
,70M, Num_Chunks:29,9.6748
,70M, Num_Chunks:29,19.0739
,70M, Num_Chunks:29,7.3574
,70M, Num_Chunks:29,11.2097
,70M, Num_Chunks:29,18.5186
,71M, Num_Chunks:28,6.2027
,71M, Num_Chunks:28,7.8346
,71M, Num_Chunks:28,6.8073
,71M, Num_Chunks:28,7.3097
,71M, Num_Chunks:28,19.4386
,71M, Num_Chunks:28,7.2561
,71M, Num_Chunks:28,15.9498
,71M, Num_Chunks:28,6.9175
,71M, Num_Chunks:28,6.7586
,71M, Num_Chunks:28,6.6900
,72M, Num_Chunks:28,7.0596
,72M, Num_Chunks:28,7.0286
,72M, Num_Chunks:28,6.7590
,72M, Num_Chunks:28,7.9003
,72M, Num_Chunks:28,6.8683
,72M, Num_Chunks:28,6.8555
,72M, Num_Chunks:28,8.6217
,72M, Num_Chunks:28,6.7662
,72M, Num_Chunks:28,9.9944
,72M, Num_Chunks:28,6.8071
,73M, Num_Chunks:28,6.1077
,73M, Num_Chunks:28,6.6087
,73M, Num_Chunks:28,7.4296
,73M, Num_Chunks:28,5.6395
,73M, Num_Chunks:28,7.3662
,73M, Num_Chunks:28,6.6670
,73M, Num_Chunks:28,8.2797
,73M, Num_Chunks:28,15.1229
,73M, Num_Chunks:28,8.3526
,73M, Num_Chunks:28,6.4958
,74M, Num_Chunks:27,6.4576
,74M, Num_Chunks:27,7.5482
,74M, Num_Chunks:27,6.6396
,74M, Num_Chunks:27,14.8853
,74M, Num_Chunks:27,6.5656
,74M, Num_Chunks:27,6.7542
,74M, Num_Chunks:27,6.5000
,74M, Num_Chunks:27,6.7405
,74M, Num_Chunks:27,6.9568
,74M, Num_Chunks:27,7.3683
,75M, Num_Chunks:27,6.4531
,75M, Num_Chunks:27,7.2143
,75M, Num_Chunks:27,16.1558
,75M, Num_Chunks:27,7.3913
,75M, Num_Chunks:27,6.4855
,75M, Num_Chunks:27,6.9841
,75M, Num_Chunks:27,7.6436
,75M, Num_Chunks:27,6.7815
,75M, Num_Chunks:27,6.1274
,75M, Num_Chunks:27,7.0373
,76M, Num_Chunks:26,6.8822
,76M, Num_Chunks:26,15.6004
,76M, Num_Chunks:26,8.1776
,76M, Num_Chunks:26,6.9673
,76M, Num_Chunks:26,19.1009
,76M, Num_Chunks:26,19.1334
,76M, Num_Chunks:26,6.2787
,76M, Num_Chunks:26,7.5364
,76M, Num_Chunks:26,6.2330
,76M, Num_Chunks:26,8.7998
,77M, Num_Chunks:26,6.4789
,77M, Num_Chunks:26,6.5112
,77M, Num_Chunks:26,7.0316
,77M, Num_Chunks:26,6.8746
,77M, Num_Chunks:26,18.0228
,77M, Num_Chunks:26,19.1446
,77M, Num_Chunks:26,7.0874
,77M, Num_Chunks:26,7.0230
,77M, Num_Chunks:26,16.9238
,77M, Num_Chunks:26,7.1178
,78M, Num_Chunks:26,7.6128
,78M, Num_Chunks:26,7.4893
,78M, Num_Chunks:26,6.9567
,78M, Num_Chunks:26,6.8726
,78M, Num_Chunks:26,10.9473
,78M, Num_Chunks:26,7.0474
,78M, Num_Chunks:26,8.4292
,78M, Num_Chunks:26,7.6124
,78M, Num_Chunks:26,8.6755
,78M, Num_Chunks:26,7.4708
,79M, Num_Chunks:25,7.0516
,79M, Num_Chunks:25,6.8726
,79M, Num_Chunks:25,6.8247
,79M, Num_Chunks:25,6.5902
,79M, Num_Chunks:25,7.5318
,79M, Num_Chunks:25,6.8975
,79M, Num_Chunks:25,7.0353
,79M, Num_Chunks:25,9.5663
,79M, Num_Chunks:25,16.6283
,79M, Num_Chunks:25,15.7476
,80M, Num_Chunks:25,7.3569
,80M, Num_Chunks:25,7.8692
,80M, Num_Chunks:25,7.1647
,80M, Num_Chunks:25,6.8773
,80M, Num_Chunks:25,6.4436
,80M, Num_Chunks:25,7.3900
,80M, Num_Chunks:25,12.8138
,80M, Num_Chunks:25,16.1915
,80M, Num_Chunks:25,6.9569
,80M, Num_Chunks:25,19.7558
,81M, Num_Chunks:25,6.8900
,81M, Num_Chunks:25,7.5108
,81M, Num_Chunks:25,8.1705
,81M, Num_Chunks:25,16.0540
,81M, Num_Chunks:25,8.2015
,81M, Num_Chunks:25,6.7825
,81M, Num_Chunks:25,7.0032
,81M, Num_Chunks:25,6.4600
,81M, Num_Chunks:25,8.2116
,81M, Num_Chunks:25,16.4237
,82M, Num_Chunks:24,6.9165
,82M, Num_Chunks:24,6.0945
,82M, Num_Chunks:24,6.7266
,82M, Num_Chunks:24,9.4704
,82M, Num_Chunks:24,7.0430
,82M, Num_Chunks:24,7.7290
,82M, Num_Chunks:24,6.5698
,82M, Num_Chunks:24,10.7466
,82M, Num_Chunks:24,14.7963
,82M, Num_Chunks:24,19.0262
,83M, Num_Chunks:24,8.0656
,83M, Num_Chunks:24,6.1971
,83M, Num_Chunks:24,7.3600
,83M, Num_Chunks:24,7.0078
,83M, Num_Chunks:24,6.7808
,83M, Num_Chunks:24,6.5661
,83M, Num_Chunks:24,6.3667
,83M, Num_Chunks:24,6.5100
,83M, Num_Chunks:24,7.5791
,83M, Num_Chunks:24,7.3434
,84M, Num_Chunks:24,6.7884
,84M, Num_Chunks:24,7.5295
,84M, Num_Chunks:24,6.1179
,84M, Num_Chunks:24,8.8536
,84M, Num_Chunks:24,18.3563
,84M, Num_Chunks:24,6.9258
,84M, Num_Chunks:24,5.7504
,84M, Num_Chunks:24,7.1952
,84M, Num_Chunks:24,9.7898
,84M, Num_Chunks:24,16.4696
,85M, Num_Chunks:24,7.9466
,85M, Num_Chunks:24,7.2569
,85M, Num_Chunks:24,6.7488
,85M, Num_Chunks:24,5.8374
,85M, Num_Chunks:24,5.8911
,85M, Num_Chunks:24,5.8968
,85M, Num_Chunks:24,7.0225
,85M, Num_Chunks:24,9.7131
,85M, Num_Chunks:24,16.4440
,85M, Num_Chunks:24,10.5839
,86M, Num_Chunks:23,6.4360
,86M, Num_Chunks:23,7.4716
,86M, Num_Chunks:23,7.6479
,86M, Num_Chunks:23,16.5530
,86M, Num_Chunks:23,6.5461
,86M, Num_Chunks:23,7.8742
,86M, Num_Chunks:23,7.2726
,86M, Num_Chunks:23,6.3926
,86M, Num_Chunks:23,16.4000
,86M, Num_Chunks:23,6.4737
,87M, Num_Chunks:23,6.3459
,87M, Num_Chunks:23,17.8204
,87M, Num_Chunks:23,7.0713
,87M, Num_Chunks:23,9.0601
,87M, Num_Chunks:23,15.5513
,87M, Num_Chunks:23,7.8252
,87M, Num_Chunks:23,6.9279
,87M, Num_Chunks:23,6.2596
,87M, Num_Chunks:23,8.9918
,87M, Num_Chunks:23,8.2524
,88M, Num_Chunks:23,10.6299
,88M, Num_Chunks:23,6.7120
,88M, Num_Chunks:23,16.5852
,88M, Num_Chunks:23,5.5388
,88M, Num_Chunks:23,6.4775
,88M, Num_Chunks:23,8.1337
,88M, Num_Chunks:23,6.1610
,88M, Num_Chunks:23,7.5488
,88M, Num_Chunks:23,7.1415
,88M, Num_Chunks:23,7.4162
,89M, Num_Chunks:23,19.2068
,89M, Num_Chunks:23,5.9815
,89M, Num_Chunks:23,13.9950
,89M, Num_Chunks:23,7.7489
,89M, Num_Chunks:23,6.7637
,89M, Num_Chunks:23,6.0815
,89M, Num_Chunks:23,6.8369
,89M, Num_Chunks:23,7.3264
,89M, Num_Chunks:23,6.3775
,89M, Num_Chunks:23,5.9609
,90M, Num_Chunks:22,8.1720
,90M, Num_Chunks:22,7.1742
,90M, Num_Chunks:22,5.8827
,90M, Num_Chunks:22,6.6614
,90M, Num_Chunks:22,6.7331
,90M, Num_Chunks:22,7.2816
,90M, Num_Chunks:22,7.3876
,90M, Num_Chunks:22,7.0208
,90M, Num_Chunks:22,7.2542
,90M, Num_Chunks:22,7.7234
,91M, Num_Chunks:22,6.9962
,91M, Num_Chunks:22,6.6582
,91M, Num_Chunks:22,19.7034
,91M, Num_Chunks:22,7.4342
,91M, Num_Chunks:22,8.7577
,91M, Num_Chunks:22,8.6121
,91M, Num_Chunks:22,17.0065
,91M, Num_Chunks:22,6.8231
,91M, Num_Chunks:22,6.2093
,91M, Num_Chunks:22,7.0091
,92M, Num_Chunks:22,6.5532
,92M, Num_Chunks:22,6.1125
,92M, Num_Chunks:22,6.7554
,92M, Num_Chunks:22,6.9606
,92M, Num_Chunks:22,7.3241
,92M, Num_Chunks:22,6.7432
,92M, Num_Chunks:22,10.7496
,92M, Num_Chunks:22,6.9053
,92M, Num_Chunks:22,21.1858
,92M, Num_Chunks:22,7.9444
,93M, Num_Chunks:22,7.4093
,93M, Num_Chunks:22,20.0748
,93M, Num_Chunks:22,9.5598
,93M, Num_Chunks:22,5.7255
,93M, Num_Chunks:22,9.2349
,93M, Num_Chunks:22,7.0300
,93M, Num_Chunks:22,8.0255
,93M, Num_Chunks:22,7.5076
,93M, Num_Chunks:22,7.0161
,93M, Num_Chunks:22,8.3437
,94M, Num_Chunks:21,8.4352
,94M, Num_Chunks:21,6.7445
,94M, Num_Chunks:21,5.7871
,94M, Num_Chunks:21,6.6295
,94M, Num_Chunks:21,16.2185
,94M, Num_Chunks:21,10.2720
,94M, Num_Chunks:21,13.2920
,94M, Num_Chunks:21,6.1418
,94M, Num_Chunks:21,6.4382
,94M, Num_Chunks:21,10.7994
,95M, Num_Chunks:21,7.0851
,95M, Num_Chunks:21,7.4972
,95M, Num_Chunks:21,19.9592
,95M, Num_Chunks:21,17.0900
,95M, Num_Chunks:21,6.3642
,95M, Num_Chunks:21,6.7064
,95M, Num_Chunks:21,6.5235
,95M, Num_Chunks:21,7.6137
,95M, Num_Chunks:21,5.8906
,95M, Num_Chunks:21,9.1712
,96M, Num_Chunks:21,16.5867
,96M, Num_Chunks:21,7.5172
,96M, Num_Chunks:21,6.3153
,96M, Num_Chunks:21,7.0648
,96M, Num_Chunks:21,7.8514
,96M, Num_Chunks:21,6.7407
,96M, Num_Chunks:21,8.9243
,96M, Num_Chunks:21,8.0795
,96M, Num_Chunks:21,6.9579
,96M, Num_Chunks:21,8.0590
,97M, Num_Chunks:21,7.3931
,97M, Num_Chunks:21,6.8481
,97M, Num_Chunks:21,11.9092
,97M, Num_Chunks:21,18.1649
,97M, Num_Chunks:21,6.9583
,97M, Num_Chunks:21,8.1061
,97M, Num_Chunks:21,6.9861
,97M, Num_Chunks:21,7.1774
,97M, Num_Chunks:21,7.6243
,97M, Num_Chunks:21,6.9166
,98M, Num_Chunks:20,7.0777
,98M, Num_Chunks:20,19.2709
,98M, Num_Chunks:20,6.9577
,98M, Num_Chunks:20,7.8417
,98M, Num_Chunks:20,9.0111
,98M, Num_Chunks:20,6.2384
,98M, Num_Chunks:20,6.1368
,98M, Num_Chunks:20,8.3688
,98M, Num_Chunks:20,7.3917
,98M, Num_Chunks:20,6.7756
,99M, Num_Chunks:20,19.6735
,99M, Num_Chunks:20,7.5667
,99M, Num_Chunks:20,16.2750
,99M, Num_Chunks:20,6.6009
,99M, Num_Chunks:20,8.4302
,99M, Num_Chunks:20,6.9756
,99M, Num_Chunks:20,7.0209
,99M, Num_Chunks:20,7.1357
,99M, Num_Chunks:20,12.8155
,99M, Num_Chunks:20,8.4925
,100M, Num_Chunks:20,8.1013
,100M, Num_Chunks:20,7.1519
,100M, Num_Chunks:20,7.1103
,100M, Num_Chunks:20,7.2450
,100M, Num_Chunks:20,11.0030
,100M, Num_Chunks:20,8.3269
,100M, Num_Chunks:20,6.8764
,100M, Num_Chunks:20,16.7550
,100M, Num_Chunks:20,6.7647
,100M, Num_Chunks:20,8.0503
,101M, Num_Chunks:20,7.9330
,101M, Num_Chunks:20,9.7899
,101M, Num_Chunks:20,6.8723
,101M, Num_Chunks:20,8.3977
,101M, Num_Chunks:20,12.1066
,101M, Num_Chunks:20,11.8880
,101M, Num_Chunks:20,8.6530
,101M, Num_Chunks:20,6.9832
,101M, Num_Chunks:20,7.1682
,101M, Num_Chunks:20,7.2170
,102M, Num_Chunks:20,7.7470
,102M, Num_Chunks:20,7.5915
,102M, Num_Chunks:20,7.2707
,102M, Num_Chunks:20,8.7217
,102M, Num_Chunks:20,7.5447
,102M, Num_Chunks:20,19.6478
,102M, Num_Chunks:20,7.2570
,102M, Num_Chunks:20,9.0046
,102M, Num_Chunks:20,7.7028
,102M, Num_Chunks:20,6.5142
,103M, Num_Chunks:19,5.4862
,103M, Num_Chunks:19,7.9194
,103M, Num_Chunks:19,17.8927
,103M, Num_Chunks:19,6.7646
,103M, Num_Chunks:19,7.7551
,103M, Num_Chunks:19,19.8849
,103M, Num_Chunks:19,6.3306
,103M, Num_Chunks:19,6.6158
,103M, Num_Chunks:19,6.6091
,103M, Num_Chunks:19,6.9740
,104M, Num_Chunks:19,7.3360
,104M, Num_Chunks:19,8.5855
,104M, Num_Chunks:19,6.6592
,104M, Num_Chunks:19,7.0833
,104M, Num_Chunks:19,7.2029
,104M, Num_Chunks:19,6.6263
,104M, Num_Chunks:19,7.9364
,104M, Num_Chunks:19,7.4833
,104M, Num_Chunks:19,10.0679
,104M, Num_Chunks:19,8.3772
,105M, Num_Chunks:19,6.2094
,105M, Num_Chunks:19,7.0125
,105M, Num_Chunks:19,7.8665
,105M, Num_Chunks:19,7.1826
,105M, Num_Chunks:19,6.5491
,105M, Num_Chunks:19,18.7286
,105M, Num_Chunks:19,7.2869
,105M, Num_Chunks:19,6.1046
,105M, Num_Chunks:19,6.8499
,105M, Num_Chunks:19,7.0146
,106M, Num_Chunks:19,6.3411
,106M, Num_Chunks:19,8.6120
,106M, Num_Chunks:19,18.4309
,106M, Num_Chunks:19,6.2995
,106M, Num_Chunks:19,17.4787
,106M, Num_Chunks:19,6.2215
,106M, Num_Chunks:19,20.0879
,106M, Num_Chunks:19,7.4606
,106M, Num_Chunks:19,6.4959
,106M, Num_Chunks:19,7.1552
,107M, Num_Chunks:19,6.7761
,107M, Num_Chunks:19,6.6378
,107M, Num_Chunks:19,20.3014
,107M, Num_Chunks:19,8.0656
,107M, Num_Chunks:19,21.0431
,107M, Num_Chunks:19,7.3264
,107M, Num_Chunks:19,8.1941
,107M, Num_Chunks:19,6.9184
,107M, Num_Chunks:19,6.5051
,107M, Num_Chunks:19,7.1414
,108M, Num_Chunks:18,6.3622
,108M, Num_Chunks:18,7.8934
,108M, Num_Chunks:18,15.6954
,108M, Num_Chunks:18,7.0381
,108M, Num_Chunks:18,6.3752
,108M, Num_Chunks:18,6.5349
,108M, Num_Chunks:18,7.1501
,108M, Num_Chunks:18,14.2183
,108M, Num_Chunks:18,10.2739
,108M, Num_Chunks:18,8.6453
,109M, Num_Chunks:18,7.1130
,109M, Num_Chunks:18,5.7100
,109M, Num_Chunks:18,19.6107
,109M, Num_Chunks:18,10.0251
,109M, Num_Chunks:18,7.3346
,109M, Num_Chunks:18,7.9294
,109M, Num_Chunks:18,6.7690
,109M, Num_Chunks:18,8.6114
,109M, Num_Chunks:18,7.4811
,109M, Num_Chunks:18,7.2435
,110M, Num_Chunks:18,7.5026
,110M, Num_Chunks:18,7.5850
,110M, Num_Chunks:18,7.9730
,110M, Num_Chunks:18,8.2883
,110M, Num_Chunks:18,7.2984
,110M, Num_Chunks:18,7.5458
,110M, Num_Chunks:18,9.2069
,110M, Num_Chunks:18,7.2258
,110M, Num_Chunks:18,7.7309
,110M, Num_Chunks:18,7.1631
,111M, Num_Chunks:18,6.7722
,111M, Num_Chunks:18,8.4534
,111M, Num_Chunks:18,6.3832
,111M, Num_Chunks:18,8.4005
,111M, Num_Chunks:18,8.2505
,111M, Num_Chunks:18,10.5747
,111M, Num_Chunks:18,7.4481
,111M, Num_Chunks:18,8.7104
,111M, Num_Chunks:18,7.2895
,111M, Num_Chunks:18,6.6631
,112M, Num_Chunks:18,7.9026
,112M, Num_Chunks:18,8.7331
,112M, Num_Chunks:18,7.5622
,112M, Num_Chunks:18,7.1800
,112M, Num_Chunks:18,6.0180
,112M, Num_Chunks:18,7.4831
,112M, Num_Chunks:18,9.5216
,112M, Num_Chunks:18,8.7061
,112M, Num_Chunks:18,21.3946
,112M, Num_Chunks:18,7.0416
,113M, Num_Chunks:18,6.8668
,113M, Num_Chunks:18,8.4673
,113M, Num_Chunks:18,6.3569
,113M, Num_Chunks:18,7.3868
,113M, Num_Chunks:18,6.2631
,113M, Num_Chunks:18,9.7186
,113M, Num_Chunks:18,6.8627
,113M, Num_Chunks:18,6.6748
,113M, Num_Chunks:18,7.1347
,113M, Num_Chunks:18,7.3588
,114M, Num_Chunks:17,6.9818
,114M, Num_Chunks:17,7.7230
,114M, Num_Chunks:17,9.9890
,114M, Num_Chunks:17,20.8885
,114M, Num_Chunks:17,7.2981
,114M, Num_Chunks:17,7.2037
,114M, Num_Chunks:17,7.6692
,114M, Num_Chunks:17,6.9197
,114M, Num_Chunks:17,6.9933
,114M, Num_Chunks:17,6.5517
,115M, Num_Chunks:17,8.1877
,115M, Num_Chunks:17,7.5203
,115M, Num_Chunks:17,6.4407
,115M, Num_Chunks:17,8.8676
,115M, Num_Chunks:17,8.4045
,115M, Num_Chunks:17,18.2406
,115M, Num_Chunks:17,18.2987
,115M, Num_Chunks:17,10.4781
,115M, Num_Chunks:17,7.3929
,115M, Num_Chunks:17,8.2819
,116M, Num_Chunks:17,9.3093
,116M, Num_Chunks:17,20.8282
,116M, Num_Chunks:17,8.6134
,116M, Num_Chunks:17,7.9582
,116M, Num_Chunks:17,8.1822
,116M, Num_Chunks:17,6.7431
,116M, Num_Chunks:17,18.5341
,116M, Num_Chunks:17,7.1841
,116M, Num_Chunks:17,20.3230
,116M, Num_Chunks:17,7.7964
,117M, Num_Chunks:17,7.3725
,117M, Num_Chunks:17,8.8885
,117M, Num_Chunks:17,7.6820
,117M, Num_Chunks:17,6.1364
,117M, Num_Chunks:17,16.9027
,117M, Num_Chunks:17,10.9708
,117M, Num_Chunks:17,20.4154
,117M, Num_Chunks:17,7.2843
,117M, Num_Chunks:17,6.3209
,117M, Num_Chunks:17,8.1429
,118M, Num_Chunks:17,20.8358
,118M, Num_Chunks:17,6.8597
,118M, Num_Chunks:17,6.2420
,118M, Num_Chunks:17,8.0688
,118M, Num_Chunks:17,7.3211
,118M, Num_Chunks:17,9.6395
,118M, Num_Chunks:17,7.3209
,118M, Num_Chunks:17,10.1328
,118M, Num_Chunks:17,18.4560
,118M, Num_Chunks:17,7.9544
,119M, Num_Chunks:17,6.6309
,119M, Num_Chunks:17,21.4918
,119M, Num_Chunks:17,7.1892
,119M, Num_Chunks:17,7.5816
,119M, Num_Chunks:17,7.9495
,119M, Num_Chunks:17,19.1994
,119M, Num_Chunks:17,6.6254
,119M, Num_Chunks:17,6.5951
,119M, Num_Chunks:17,9.2893
,119M, Num_Chunks:17,9.6151
,120M, Num_Chunks:17,9.0115
,120M, Num_Chunks:17,9.1977
,120M, Num_Chunks:17,6.5216
,120M, Num_Chunks:17,6.6631
,120M, Num_Chunks:17,18.3613
,120M, Num_Chunks:17,10.1060
,120M, Num_Chunks:17,8.4506
,120M, Num_Chunks:17,7.4788
,120M, Num_Chunks:17,6.3000
,120M, Num_Chunks:17,10.8242
,121M, Num_Chunks:16,7.7333
,121M, Num_Chunks:16,9.8369
,121M, Num_Chunks:16,15.8016
,121M, Num_Chunks:16,7.5215
,121M, Num_Chunks:16,20.1729
,121M, Num_Chunks:16,6.5317
,121M, Num_Chunks:16,8.6249
,121M, Num_Chunks:16,7.8131
,121M, Num_Chunks:16,8.1836
,121M, Num_Chunks:16,9.0042
,122M, Num_Chunks:16,6.9938
,122M, Num_Chunks:16,13.6150
,122M, Num_Chunks:16,7.8090
,122M, Num_Chunks:16,7.7281
,122M, Num_Chunks:16,7.3551
,122M, Num_Chunks:16,7.9095
,122M, Num_Chunks:16,18.1849
,122M, Num_Chunks:16,10.3576
,122M, Num_Chunks:16,6.8298
,122M, Num_Chunks:16,9.0186
,123M, Num_Chunks:16,14.7597
,123M, Num_Chunks:16,8.6737
,123M, Num_Chunks:16,10.5748
,123M, Num_Chunks:16,8.4168
,123M, Num_Chunks:16,7.4445
,123M, Num_Chunks:16,18.7053
,123M, Num_Chunks:16,9.8540
,123M, Num_Chunks:16,10.6181
,123M, Num_Chunks:16,7.2166
,123M, Num_Chunks:16,7.6685
,124M, Num_Chunks:16,7.8106
,124M, Num_Chunks:16,8.3338
,124M, Num_Chunks:16,6.9885
,124M, Num_Chunks:16,7.4838
,124M, Num_Chunks:16,7.6679
,124M, Num_Chunks:16,7.4719
,124M, Num_Chunks:16,7.8821
,124M, Num_Chunks:16,13.9408
,124M, Num_Chunks:16,14.1584
,124M, Num_Chunks:16,7.8846
,125M, Num_Chunks:16,7.4374
,125M, Num_Chunks:16,8.7677
,125M, Num_Chunks:16,10.1250
,125M, Num_Chunks:16,8.1037
,125M, Num_Chunks:16,10.1271
,125M, Num_Chunks:16,7.8521
,125M, Num_Chunks:16,8.3519
,125M, Num_Chunks:16,7.4130
,125M, Num_Chunks:16,8.3624
,125M, Num_Chunks:16,6.2345
,126M, Num_Chunks:16,10.5437
,126M, Num_Chunks:16,10.4963
,126M, Num_Chunks:16,7.7359
,126M, Num_Chunks:16,8.0648
,126M, Num_Chunks:16,8.0294
,126M, Num_Chunks:16,10.3151
,126M, Num_Chunks:16,10.6812
,126M, Num_Chunks:16,9.4403
,126M, Num_Chunks:16,7.6639
,126M, Num_Chunks:16,8.2611
,127M, Num_Chunks:16,21.6351
,127M, Num_Chunks:16,7.4430
,127M, Num_Chunks:16,8.6412
,127M, Num_Chunks:16,18.4059
,127M, Num_Chunks:16,9.0266
,127M, Num_Chunks:16,9.9871
,127M, Num_Chunks:16,9.9695
,127M, Num_Chunks:16,7.5135
,127M, Num_Chunks:16,8.4249
,127M, Num_Chunks:16,21.8164
,128M, Num_Chunks:16,13.1235
,128M, Num_Chunks:16,9.0744
,128M, Num_Chunks:16,6.8404
,128M, Num_Chunks:16,9.2123
,128M, Num_Chunks:16,9.1145
,128M, Num_Chunks:16,8.4279
,128M, Num_Chunks:16,9.3448
,128M, Num_Chunks:16,19.4330
,128M, Num_Chunks:16,21.5772
,128M, Num_Chunks:16,12.5072
,129M, Num_Chunks:15,6.8154
,129M, Num_Chunks:15,11.2934
,129M, Num_Chunks:15,11.5547
,129M, Num_Chunks:15,8.6218
,129M, Num_Chunks:15,21.0834
,129M, Num_Chunks:15,8.5693
,129M, Num_Chunks:15,10.9421
,129M, Num_Chunks:15,7.1556
,129M, Num_Chunks:15,8.8844
,129M, Num_Chunks:15,9.7169
,130M, Num_Chunks:15,12.0215
,130M, Num_Chunks:15,7.6413
,130M, Num_Chunks:15,9.6537
,130M, Num_Chunks:15,9.3403
,130M, Num_Chunks:15,8.9912
,130M, Num_Chunks:15,13.4699
,130M, Num_Chunks:15,8.7892
,130M, Num_Chunks:15,7.0013
,130M, Num_Chunks:15,8.2015
,130M, Num_Chunks:15,8.8215
,131M, Num_Chunks:15,7.5989
,131M, Num_Chunks:15,7.8286
,131M, Num_Chunks:15,14.0500
,131M, Num_Chunks:15,9.2813
,131M, Num_Chunks:15,7.2755
,131M, Num_Chunks:15,8.1014
,131M, Num_Chunks:15,21.5801
,131M, Num_Chunks:15,10.5991
,131M, Num_Chunks:15,8.7726
,131M, Num_Chunks:15,22.0756
,132M, Num_Chunks:15,9.3360
,132M, Num_Chunks:15,21.7565
,132M, Num_Chunks:15,12.3342
,132M, Num_Chunks:15,8.6075
,132M, Num_Chunks:15,7.4284
,132M, Num_Chunks:15,21.9615
,132M, Num_Chunks:15,10.9806
,132M, Num_Chunks:15,8.6029
,132M, Num_Chunks:15,8.1385
,132M, Num_Chunks:15,11.7610
,133M, Num_Chunks:15,10.0455
,133M, Num_Chunks:15,9.3853
,133M, Num_Chunks:15,6.6343
,133M, Num_Chunks:15,7.4144
,133M, Num_Chunks:15,9.4028
,133M, Num_Chunks:15,7.1233
,133M, Num_Chunks:15,7.6268
,133M, Num_Chunks:15,8.0891
,133M, Num_Chunks:15,8.3787
,133M, Num_Chunks:15,8.7631
,134M, Num_Chunks:15,8.5915
,134M, Num_Chunks:15,19.1009
,134M, Num_Chunks:15,13.7431
,134M, Num_Chunks:15,8.1920
,134M, Num_Chunks:15,11.2030
,134M, Num_Chunks:15,7.5497
,134M, Num_Chunks:15,12.0925
,134M, Num_Chunks:15,8.4807
,134M, Num_Chunks:15,8.5155
,134M, Num_Chunks:15,9.1671
,135M, Num_Chunks:15,10.7077
,135M, Num_Chunks:15,7.5230
,135M, Num_Chunks:15,8.1668
,135M, Num_Chunks:15,8.6603
,135M, Num_Chunks:15,7.8071
,135M, Num_Chunks:15,10.0855
,135M, Num_Chunks:15,22.2061
,135M, Num_Chunks:15,7.4680
,135M, Num_Chunks:15,9.4645
,135M, Num_Chunks:15,6.6748
,136M, Num_Chunks:15,6.7086
,136M, Num_Chunks:15,8.2498
,136M, Num_Chunks:15,17.2121
,136M, Num_Chunks:15,9.9029
,136M, Num_Chunks:15,6.6702
,136M, Num_Chunks:15,7.2242
,136M, Num_Chunks:15,7.5196
,136M, Num_Chunks:15,8.7511
,136M, Num_Chunks:15,9.6544
,136M, Num_Chunks:15,7.1453
,137M, Num_Chunks:14,9.6048
,137M, Num_Chunks:14,7.6304
,137M, Num_Chunks:14,8.4025
,137M, Num_Chunks:14,8.1841
,137M, Num_Chunks:14,8.0886
,137M, Num_Chunks:14,7.4573
,137M, Num_Chunks:14,12.1422
,137M, Num_Chunks:14,10.1403
,137M, Num_Chunks:14,12.0971
,137M, Num_Chunks:14,8.9327
,138M, Num_Chunks:14,9.3468
,138M, Num_Chunks:14,10.0014
,138M, Num_Chunks:14,7.0443
,138M, Num_Chunks:14,10.0808
,138M, Num_Chunks:14,16.1890
,138M, Num_Chunks:14,10.4677
,138M, Num_Chunks:14,7.3662
,138M, Num_Chunks:14,8.1849
,138M, Num_Chunks:14,7.6291
,138M, Num_Chunks:14,8.6335
,139M, Num_Chunks:14,8.5159
,139M, Num_Chunks:14,15.6275
,139M, Num_Chunks:14,13.5824
,139M, Num_Chunks:14,13.6766
,139M, Num_Chunks:14,22.0082
,139M, Num_Chunks:14,7.5924
,139M, Num_Chunks:14,9.3939
,139M, Num_Chunks:14,7.7657
,139M, Num_Chunks:14,7.5797
,139M, Num_Chunks:14,18.5084
,140M, Num_Chunks:14,9.1595
,140M, Num_Chunks:14,11.7951
,140M, Num_Chunks:14,12.7161
,140M, Num_Chunks:14,10.6474
,140M, Num_Chunks:14,9.5772
,140M, Num_Chunks:14,6.9471
,140M, Num_Chunks:14,8.8894
,140M, Num_Chunks:14,9.4104
,140M, Num_Chunks:14,6.4164
,140M, Num_Chunks:14,7.1552
,141M, Num_Chunks:14,8.5450
,141M, Num_Chunks:14,10.2491
,141M, Num_Chunks:14,8.2233
,141M, Num_Chunks:14,9.4833
,141M, Num_Chunks:14,8.8497
,141M, Num_Chunks:14,8.9158
,141M, Num_Chunks:14,7.6538
,141M, Num_Chunks:14,7.1310
,141M, Num_Chunks:14,7.7542
,141M, Num_Chunks:14,8.7149
,142M, Num_Chunks:14,8.4931
,142M, Num_Chunks:14,8.6142
,142M, Num_Chunks:14,9.6147
,142M, Num_Chunks:14,7.8380
,142M, Num_Chunks:14,13.3366
,142M, Num_Chunks:14,8.4114
,142M, Num_Chunks:14,9.6980
,142M, Num_Chunks:14,15.2413
,142M, Num_Chunks:14,7.0196
,142M, Num_Chunks:14,22.4600
,143M, Num_Chunks:14,18.9800
,143M, Num_Chunks:14,7.5801
,143M, Num_Chunks:14,9.0193
,143M, Num_Chunks:14,14.4718
,143M, Num_Chunks:14,7.0611
,143M, Num_Chunks:14,9.1740
,143M, Num_Chunks:14,8.5354
,143M, Num_Chunks:14,9.3418
,143M, Num_Chunks:14,7.5509
,143M, Num_Chunks:14,7.4279
,144M, Num_Chunks:14,11.2249
,144M, Num_Chunks:14,8.5726
,144M, Num_Chunks:14,9.0637
,144M, Num_Chunks:14,10.5321
,144M, Num_Chunks:14,8.8459
,144M, Num_Chunks:14,9.8866
,144M, Num_Chunks:14,10.1780
,144M, Num_Chunks:14,19.5023
,144M, Num_Chunks:14,9.5264
,144M, Num_Chunks:14,8.8435
,145M, Num_Chunks:14,11.9086
,145M, Num_Chunks:14,12.0058
,145M, Num_Chunks:14,6.6322
,145M, Num_Chunks:14,7.4263
,145M, Num_Chunks:14,14.7431
,145M, Num_Chunks:14,22.3093
,145M, Num_Chunks:14,8.5356
,145M, Num_Chunks:14,6.8958
,145M, Num_Chunks:14,18.5783
,145M, Num_Chunks:14,11.6841
,146M, Num_Chunks:14,8.2304
,146M, Num_Chunks:14,8.7693
,146M, Num_Chunks:14,8.6620
,146M, Num_Chunks:14,9.4166
,146M, Num_Chunks:14,10.3517
,146M, Num_Chunks:14,14.3625
,146M, Num_Chunks:14,7.7854
,146M, Num_Chunks:14,8.2069
,146M, Num_Chunks:14,10.2214
,146M, Num_Chunks:14,8.3599
,147M, Num_Chunks:13,7.5253
,147M, Num_Chunks:13,8.9825
,147M, Num_Chunks:13,14.0133
,147M, Num_Chunks:13,8.2173
,147M, Num_Chunks:13,8.8256
,147M, Num_Chunks:13,9.0549
,147M, Num_Chunks:13,8.8601
,147M, Num_Chunks:13,8.5165
,147M, Num_Chunks:13,16.2435
,147M, Num_Chunks:13,10.7307
,148M, Num_Chunks:13,11.0289
,148M, Num_Chunks:13,9.2645
,148M, Num_Chunks:13,22.4112
,148M, Num_Chunks:13,10.0565
,148M, Num_Chunks:13,9.4538
,148M, Num_Chunks:13,10.2725
,148M, Num_Chunks:13,9.7271
,148M, Num_Chunks:13,7.9434
,148M, Num_Chunks:13,11.9960
,148M, Num_Chunks:13,9.4612
,149M, Num_Chunks:13,8.6676
,149M, Num_Chunks:13,9.9682
,149M, Num_Chunks:13,10.1942
,149M, Num_Chunks:13,9.7990
,149M, Num_Chunks:13,8.5824
,149M, Num_Chunks:13,19.0745
,149M, Num_Chunks:13,10.3624
,149M, Num_Chunks:13,11.9306
,149M, Num_Chunks:13,12.0943
,149M, Num_Chunks:13,10.4586
,150M, Num_Chunks:13,7.7760
,150M, Num_Chunks:13,9.3509
,150M, Num_Chunks:13,7.2454
,150M, Num_Chunks:13,7.4333
,150M, Num_Chunks:13,9.1999
,150M, Num_Chunks:13,8.6426
,150M, Num_Chunks:13,9.7614
,150M, Num_Chunks:13,11.8269
,150M, Num_Chunks:13,11.3669
,150M, Num_Chunks:13,15.7022
,151M, Num_Chunks:13,8.8082
,151M, Num_Chunks:13,12.6205
,151M, Num_Chunks:13,19.2187
,151M, Num_Chunks:13,8.3102
,151M, Num_Chunks:13,10.0973
,151M, Num_Chunks:13,10.2755
,151M, Num_Chunks:13,9.8796
,151M, Num_Chunks:13,9.5814
,151M, Num_Chunks:13,10.0642
,151M, Num_Chunks:13,12.7106
,152M, Num_Chunks:13,13.9933
,152M, Num_Chunks:13,11.6157
,152M, Num_Chunks:13,9.7244
,152M, Num_Chunks:13,19.7609
,152M, Num_Chunks:13,9.0035
,152M, Num_Chunks:13,8.5306
,152M, Num_Chunks:13,9.4736
,152M, Num_Chunks:13,16.7276
,152M, Num_Chunks:13,12.5605
,152M, Num_Chunks:13,9.3198
,153M, Num_Chunks:13,10.9871
,153M, Num_Chunks:13,9.1724
,153M, Num_Chunks:13,8.6867
,153M, Num_Chunks:13,7.7733
,153M, Num_Chunks:13,22.7875
,153M, Num_Chunks:13,22.4561
,153M, Num_Chunks:13,12.7036
,153M, Num_Chunks:13,7.2798
,153M, Num_Chunks:13,9.7829
,153M, Num_Chunks:13,15.3221
,154M, Num_Chunks:13,10.2389
,154M, Num_Chunks:13,9.7813
,154M, Num_Chunks:13,9.0140
,154M, Num_Chunks:13,19.1879
,154M, Num_Chunks:13,8.9668
,154M, Num_Chunks:13,12.6563
,154M, Num_Chunks:13,8.8802
,154M, Num_Chunks:13,7.5496
,154M, Num_Chunks:13,8.1269
,154M, Num_Chunks:13,7.6364
,155M, Num_Chunks:13,7.9608
,155M, Num_Chunks:13,7.5630
,155M, Num_Chunks:13,11.3705
,155M, Num_Chunks:13,7.6251
,155M, Num_Chunks:13,7.7998
,155M, Num_Chunks:13,12.3611
,155M, Num_Chunks:13,8.8224
,155M, Num_Chunks:13,18.3045
,155M, Num_Chunks:13,19.0802
,155M, Num_Chunks:13,7.2519
,156M, Num_Chunks:13,13.3697
,156M, Num_Chunks:13,7.7054
,156M, Num_Chunks:13,10.9639
,156M, Num_Chunks:13,8.9607
,156M, Num_Chunks:13,10.2809
,156M, Num_Chunks:13,7.8047
,156M, Num_Chunks:13,8.6016
,156M, Num_Chunks:13,8.1005
,156M, Num_Chunks:13,7.0314
,156M, Num_Chunks:13,9.3702
,157M, Num_Chunks:13,7.5047
,157M, Num_Chunks:13,11.4398
,157M, Num_Chunks:13,12.5775
,157M, Num_Chunks:13,7.6277
,157M, Num_Chunks:13,7.2037
,157M, Num_Chunks:13,7.6881
,157M, Num_Chunks:13,8.3520
,157M, Num_Chunks:13,20.8842
,157M, Num_Chunks:13,9.1025
,157M, Num_Chunks:13,9.0796
,158M, Num_Chunks:12,7.5263
,158M, Num_Chunks:12,7.2937
,158M, Num_Chunks:12,11.9586
,158M, Num_Chunks:12,9.5416
,158M, Num_Chunks:12,19.6627
,158M, Num_Chunks:12,8.1934
,158M, Num_Chunks:12,8.0630
,158M, Num_Chunks:12,11.6079
,158M, Num_Chunks:12,7.9320
,158M, Num_Chunks:12,12.6589
,159M, Num_Chunks:12,13.0291
,159M, Num_Chunks:12,12.1452
,159M, Num_Chunks:12,9.3081
,159M, Num_Chunks:12,8.0781
,159M, Num_Chunks:12,10.5018
,159M, Num_Chunks:12,9.5048
,159M, Num_Chunks:12,14.2615
,159M, Num_Chunks:12,11.5287
,159M, Num_Chunks:12,11.0245
,159M, Num_Chunks:12,12.5228
,160M, Num_Chunks:12,12.5476
,160M, Num_Chunks:12,8.0840
,160M, Num_Chunks:12,12.7744
,160M, Num_Chunks:12,9.3634
,160M, Num_Chunks:12,8.9722
,160M, Num_Chunks:12,9.2871
,160M, Num_Chunks:12,7.5291
,160M, Num_Chunks:12,7.6279
,160M, Num_Chunks:12,12.3777
,160M, Num_Chunks:12,8.3294
,161M, Num_Chunks:12,9.1704
,161M, Num_Chunks:12,11.3745
,161M, Num_Chunks:12,7.8831
,161M, Num_Chunks:12,9.0949
,161M, Num_Chunks:12,8.2355
,161M, Num_Chunks:12,8.3342
,161M, Num_Chunks:12,23.4353
,161M, Num_Chunks:12,8.6743
,161M, Num_Chunks:12,9.2481
,161M, Num_Chunks:12,9.1432
,162M, Num_Chunks:12,10.2513
,162M, Num_Chunks:12,10.4904
,162M, Num_Chunks:12,9.1457
,162M, Num_Chunks:12,8.3038
,162M, Num_Chunks:12,9.1663
,162M, Num_Chunks:12,7.7629
,162M, Num_Chunks:12,8.5295
,162M, Num_Chunks:12,11.7409
,162M, Num_Chunks:12,12.7167
,162M, Num_Chunks:12,8.7603
,163M, Num_Chunks:12,7.8396
,163M, Num_Chunks:12,8.8004
,163M, Num_Chunks:12,11.1258
,163M, Num_Chunks:12,9.6606
,163M, Num_Chunks:12,9.8457
,163M, Num_Chunks:12,12.0421
,163M, Num_Chunks:12,14.7798
,163M, Num_Chunks:12,11.2806
,163M, Num_Chunks:12,19.3121
,163M, Num_Chunks:12,7.6412
,164M, Num_Chunks:12,7.5207
,164M, Num_Chunks:12,10.0729
,164M, Num_Chunks:12,10.6368
,164M, Num_Chunks:12,9.8297
,164M, Num_Chunks:12,10.1478
,164M, Num_Chunks:12,8.3494
,164M, Num_Chunks:12,11.6129
,164M, Num_Chunks:12,11.4110
,164M, Num_Chunks:12,8.5748
,164M, Num_Chunks:12,10.9860
,165M, Num_Chunks:12,11.3382
,165M, Num_Chunks:12,19.8400
,165M, Num_Chunks:12,8.3686
,165M, Num_Chunks:12,7.3995
,165M, Num_Chunks:12,7.9436
,165M, Num_Chunks:12,15.7321
,165M, Num_Chunks:12,9.1170
,165M, Num_Chunks:12,7.8071
,165M, Num_Chunks:12,9.6782
,165M, Num_Chunks:12,8.8498
,166M, Num_Chunks:12,10.1526
,166M, Num_Chunks:12,14.3369
,166M, Num_Chunks:12,9.2142
,166M, Num_Chunks:12,8.7190
,166M, Num_Chunks:12,10.3696
,166M, Num_Chunks:12,9.3751
,166M, Num_Chunks:12,8.0921
,166M, Num_Chunks:12,13.9644
,166M, Num_Chunks:12,19.6973
,166M, Num_Chunks:12,19.5637
,167M, Num_Chunks:12,11.4514
,167M, Num_Chunks:12,9.3179
,167M, Num_Chunks:12,8.0819
,167M, Num_Chunks:12,8.9415
,167M, Num_Chunks:12,9.7746
,167M, Num_Chunks:12,10.4795
,167M, Num_Chunks:12,8.5323
,167M, Num_Chunks:12,11.5436
,167M, Num_Chunks:12,10.3808
,167M, Num_Chunks:12,9.2212
,168M, Num_Chunks:12,8.5094
,168M, Num_Chunks:12,8.2916
,168M, Num_Chunks:12,8.9931
,168M, Num_Chunks:12,8.6832
,168M, Num_Chunks:12,13.0672
,168M, Num_Chunks:12,10.2703
,168M, Num_Chunks:12,10.5334
,168M, Num_Chunks:12,8.1068
,168M, Num_Chunks:12,20.3003
,168M, Num_Chunks:12,8.9641
,169M, Num_Chunks:12,7.2338
,169M, Num_Chunks:12,12.4891
,169M, Num_Chunks:12,10.2088
,169M, Num_Chunks:12,7.9363
,169M, Num_Chunks:12,9.0532
,169M, Num_Chunks:12,10.4987
,169M, Num_Chunks:12,11.0472
,169M, Num_Chunks:12,8.5618
,169M, Num_Chunks:12,12.5055
,169M, Num_Chunks:12,10.1866
,170M, Num_Chunks:12,9.3430
,170M, Num_Chunks:12,8.0394
,170M, Num_Chunks:12,12.7560
,170M, Num_Chunks:12,7.6584
,170M, Num_Chunks:12,8.3927
,170M, Num_Chunks:12,22.3016
,170M, Num_Chunks:12,22.4802
,170M, Num_Chunks:12,8.9954
,170M, Num_Chunks:12,8.7600
,170M, Num_Chunks:12,8.0116
,171M, Num_Chunks:11,11.9082
,171M, Num_Chunks:11,23.6136
,171M, Num_Chunks:11,8.7438
,171M, Num_Chunks:11,9.7912
,171M, Num_Chunks:11,8.6652
,171M, Num_Chunks:11,9.7422
,171M, Num_Chunks:11,10.0968
,171M, Num_Chunks:11,8.2761
,171M, Num_Chunks:11,10.2501
,171M, Num_Chunks:11,11.2130
,172M, Num_Chunks:11,8.1059
,172M, Num_Chunks:11,9.6824
,172M, Num_Chunks:11,17.4244
,172M, Num_Chunks:11,11.5678
,172M, Num_Chunks:11,7.9219
,172M, Num_Chunks:11,8.2757
,172M, Num_Chunks:11,9.5219
,172M, Num_Chunks:11,8.1488
,172M, Num_Chunks:11,11.0281
,172M, Num_Chunks:11,10.0221
,173M, Num_Chunks:11,7.7361
,173M, Num_Chunks:11,11.2582
,173M, Num_Chunks:11,10.3043
,173M, Num_Chunks:11,9.4528
,173M, Num_Chunks:11,9.8433
,173M, Num_Chunks:11,8.5347
,173M, Num_Chunks:11,10.4367
,173M, Num_Chunks:11,11.1013
,173M, Num_Chunks:11,10.0489
,173M, Num_Chunks:11,7.7978
,174M, Num_Chunks:11,10.7651
,174M, Num_Chunks:11,19.8020
,174M, Num_Chunks:11,8.1360
,174M, Num_Chunks:11,13.2201
,174M, Num_Chunks:11,8.3460
,174M, Num_Chunks:11,13.7346
,174M, Num_Chunks:11,12.2603
,174M, Num_Chunks:11,12.2957
,174M, Num_Chunks:11,8.4663
,174M, Num_Chunks:11,8.9103
,175M, Num_Chunks:11,8.4367
,175M, Num_Chunks:11,8.6260
,175M, Num_Chunks:11,10.0030
,175M, Num_Chunks:11,8.6669
,175M, Num_Chunks:11,11.5241
,175M, Num_Chunks:11,7.5731
,175M, Num_Chunks:11,20.0670
,175M, Num_Chunks:11,10.6017
,175M, Num_Chunks:11,9.2442
,175M, Num_Chunks:11,8.6117
,176M, Num_Chunks:11,11.2328
,176M, Num_Chunks:11,19.8000
,176M, Num_Chunks:11,8.3833
,176M, Num_Chunks:11,10.3927
,176M, Num_Chunks:11,19.9622
,176M, Num_Chunks:11,13.5035
,176M, Num_Chunks:11,12.9223
,176M, Num_Chunks:11,12.6766
,176M, Num_Chunks:11,10.1621
,176M, Num_Chunks:11,9.9318
,177M, Num_Chunks:11,13.5104
,177M, Num_Chunks:11,8.3118
,177M, Num_Chunks:11,13.5740
,177M, Num_Chunks:11,8.0568
,177M, Num_Chunks:11,8.1638
,177M, Num_Chunks:11,14.8239
,177M, Num_Chunks:11,10.8828
,177M, Num_Chunks:11,12.2804
,177M, Num_Chunks:11,14.4253
,177M, Num_Chunks:11,10.3243
,178M, Num_Chunks:11,10.1211
,178M, Num_Chunks:11,16.0564
,178M, Num_Chunks:11,9.4703
,178M, Num_Chunks:11,8.8468
,178M, Num_Chunks:11,8.2600
,178M, Num_Chunks:11,13.0951
,178M, Num_Chunks:11,9.2375
,178M, Num_Chunks:11,18.2215
,178M, Num_Chunks:11,14.1206
,178M, Num_Chunks:11,8.6219
,179M, Num_Chunks:11,8.6271
,179M, Num_Chunks:11,11.5430
,179M, Num_Chunks:11,7.8719
,179M, Num_Chunks:11,18.2297
,179M, Num_Chunks:11,12.0667
,179M, Num_Chunks:11,9.7995
,179M, Num_Chunks:11,11.4216
,179M, Num_Chunks:11,15.0956
,179M, Num_Chunks:11,8.9456
,179M, Num_Chunks:11,10.6068
,180M, Num_Chunks:11,10.9492
,180M, Num_Chunks:11,10.2852
,180M, Num_Chunks:11,8.2333
,180M, Num_Chunks:11,19.7963
,180M, Num_Chunks:11,8.4809
,180M, Num_Chunks:11,9.2737
,180M, Num_Chunks:11,10.6028
,180M, Num_Chunks:11,8.7745
,180M, Num_Chunks:11,12.1136
,180M, Num_Chunks:11,12.8554
,181M, Num_Chunks:11,7.7157
,181M, Num_Chunks:11,9.6179
,181M, Num_Chunks:11,20.0590
,181M, Num_Chunks:11,10.8250
,181M, Num_Chunks:11,13.0909
,181M, Num_Chunks:11,9.1513
,181M, Num_Chunks:11,9.0900
,181M, Num_Chunks:11,11.8982
,181M, Num_Chunks:11,13.1650
,181M, Num_Chunks:11,8.5726
,182M, Num_Chunks:11,13.0183
,182M, Num_Chunks:11,9.3120
,182M, Num_Chunks:11,11.8496
,182M, Num_Chunks:11,8.7002
,182M, Num_Chunks:11,9.9216
,182M, Num_Chunks:11,8.6372
,182M, Num_Chunks:11,15.4299
,182M, Num_Chunks:11,8.1560
,182M, Num_Chunks:11,10.7096
,182M, Num_Chunks:11,13.1461
,183M, Num_Chunks:11,12.7038
,183M, Num_Chunks:11,11.8063
,183M, Num_Chunks:11,8.2433
,183M, Num_Chunks:11,8.1542
,183M, Num_Chunks:11,8.7758
,183M, Num_Chunks:11,9.6580
,183M, Num_Chunks:11,8.6482
,183M, Num_Chunks:11,9.4521
,183M, Num_Chunks:11,10.7590
,183M, Num_Chunks:11,14.9392
,184M, Num_Chunks:11,10.7494
,184M, Num_Chunks:11,11.6933
,184M, Num_Chunks:11,7.5350
,184M, Num_Chunks:11,10.5199
,184M, Num_Chunks:11,15.0368
,184M, Num_Chunks:11,12.6451
,184M, Num_Chunks:11,8.4337
,184M, Num_Chunks:11,8.1081
,184M, Num_Chunks:11,7.7625
,184M, Num_Chunks:11,9.6600
,185M, Num_Chunks:11,7.5493
,185M, Num_Chunks:11,8.8352
,185M, Num_Chunks:11,8.0882
,185M, Num_Chunks:11,23.1948
,185M, Num_Chunks:11,17.9526
,185M, Num_Chunks:11,13.7498
,185M, Num_Chunks:11,22.5960
,185M, Num_Chunks:11,12.2075
,185M, Num_Chunks:11,12.3871
,185M, Num_Chunks:11,11.0803
,186M, Num_Chunks:11,8.2927
,186M, Num_Chunks:11,8.6403
,186M, Num_Chunks:11,9.1909
,186M, Num_Chunks:11,7.8583
,186M, Num_Chunks:11,8.9608
,186M, Num_Chunks:11,13.6040
,186M, Num_Chunks:11,8.6109
,186M, Num_Chunks:11,9.7981
,186M, Num_Chunks:11,16.5691
,186M, Num_Chunks:11,11.6716
,187M, Num_Chunks:10,8.8838
,187M, Num_Chunks:10,14.2305
,187M, Num_Chunks:10,9.1047
,187M, Num_Chunks:10,7.9476
,187M, Num_Chunks:10,11.6315
,187M, Num_Chunks:10,10.5315
,187M, Num_Chunks:10,12.4359
,187M, Num_Chunks:10,8.8007
,187M, Num_Chunks:10,19.8828
,187M, Num_Chunks:10,10.5956
,188M, Num_Chunks:10,9.8528
,188M, Num_Chunks:10,10.5850
,188M, Num_Chunks:10,9.8932
,188M, Num_Chunks:10,9.4119
,188M, Num_Chunks:10,12.0275
,188M, Num_Chunks:10,20.4390
,188M, Num_Chunks:10,10.9963
,188M, Num_Chunks:10,11.1538
,188M, Num_Chunks:10,12.2708
,188M, Num_Chunks:10,8.1484
,189M, Num_Chunks:10,14.9512
,189M, Num_Chunks:10,12.9327
,189M, Num_Chunks:10,11.8167
,189M, Num_Chunks:10,8.9424
,189M, Num_Chunks:10,8.7601
,189M, Num_Chunks:10,13.2306
,189M, Num_Chunks:10,22.7118
,189M, Num_Chunks:10,9.2244
,189M, Num_Chunks:10,11.5091
,189M, Num_Chunks:10,8.8959
,190M, Num_Chunks:10,11.0380
,190M, Num_Chunks:10,9.7371
,190M, Num_Chunks:10,13.9240
,190M, Num_Chunks:10,9.3502
,190M, Num_Chunks:10,9.0527
,190M, Num_Chunks:10,12.9305
,190M, Num_Chunks:10,10.9065
,190M, Num_Chunks:10,15.3118
,190M, Num_Chunks:10,10.0238
,190M, Num_Chunks:10,10.8232
,191M, Num_Chunks:10,10.1697
,191M, Num_Chunks:10,9.6305
,191M, Num_Chunks:10,7.8984
,191M, Num_Chunks:10,9.3548
,191M, Num_Chunks:10,11.9880
,191M, Num_Chunks:10,8.9699
,191M, Num_Chunks:10,8.5242
,191M, Num_Chunks:10,9.3635
,191M, Num_Chunks:10,11.5480
,191M, Num_Chunks:10,11.7520
,192M, Num_Chunks:10,18.8831
,192M, Num_Chunks:10,22.7252
,192M, Num_Chunks:10,8.5632
,192M, Num_Chunks:10,11.9791
,192M, Num_Chunks:10,8.4821
,192M, Num_Chunks:10,8.7010
,192M, Num_Chunks:10,18.2650
,192M, Num_Chunks:10,14.0914
,192M, Num_Chunks:10,11.2440
,192M, Num_Chunks:10,9.4053
,193M, Num_Chunks:10,8.8565
,193M, Num_Chunks:10,8.8717
,193M, Num_Chunks:10,8.2607
,193M, Num_Chunks:10,10.4955
,193M, Num_Chunks:10,9.8647
,193M, Num_Chunks:10,8.0573
,193M, Num_Chunks:10,8.3516
,193M, Num_Chunks:10,9.2596
,193M, Num_Chunks:10,20.2472
,193M, Num_Chunks:10,11.0137
,194M, Num_Chunks:10,11.8711
,194M, Num_Chunks:10,8.2763
,194M, Num_Chunks:10,11.1516
,194M, Num_Chunks:10,14.0552
,194M, Num_Chunks:10,8.9522
,194M, Num_Chunks:10,14.3232
,194M, Num_Chunks:10,11.5150
,194M, Num_Chunks:10,8.1455
,194M, Num_Chunks:10,10.0332
,194M, Num_Chunks:10,9.0865
,195M, Num_Chunks:10,19.9199
,195M, Num_Chunks:10,10.5430
,195M, Num_Chunks:10,11.7262
,195M, Num_Chunks:10,8.0435
,195M, Num_Chunks:10,12.1141
,195M, Num_Chunks:10,11.3463
,195M, Num_Chunks:10,14.1450
,195M, Num_Chunks:10,12.3454
,195M, Num_Chunks:10,16.9106
,195M, Num_Chunks:10,12.1243
,196M, Num_Chunks:10,9.3842
,196M, Num_Chunks:10,10.0811
,196M, Num_Chunks:10,12.5417
,196M, Num_Chunks:10,12.7391
,196M, Num_Chunks:10,11.4827
,196M, Num_Chunks:10,19.8488
,196M, Num_Chunks:10,10.7042
,196M, Num_Chunks:10,8.0459
,196M, Num_Chunks:10,10.7611
,196M, Num_Chunks:10,11.2565
,197M, Num_Chunks:10,8.0888
,197M, Num_Chunks:10,9.7136
,197M, Num_Chunks:10,8.4142
,197M, Num_Chunks:10,10.5669
,197M, Num_Chunks:10,11.8302
,197M, Num_Chunks:10,8.4457
,197M, Num_Chunks:10,20.7497
,197M, Num_Chunks:10,20.2137
,197M, Num_Chunks:10,12.1106
,197M, Num_Chunks:10,12.0569
,198M, Num_Chunks:10,20.2699
,198M, Num_Chunks:10,10.1623
,198M, Num_Chunks:10,10.2816
,198M, Num_Chunks:10,12.7903
,198M, Num_Chunks:10,12.3899
,198M, Num_Chunks:10,7.9188
,198M, Num_Chunks:10,8.6165
,198M, Num_Chunks:10,8.0299
,198M, Num_Chunks:10,12.8733
,198M, Num_Chunks:10,11.3336
,199M, Num_Chunks:10,23.3189
,199M, Num_Chunks:10,12.6887
,199M, Num_Chunks:10,11.3835
,199M, Num_Chunks:10,9.9996
,199M, Num_Chunks:10,8.7800
,199M, Num_Chunks:10,17.5877
,199M, Num_Chunks:10,10.4508
,199M, Num_Chunks:10,9.3760
,199M, Num_Chunks:10,10.7882
,199M, Num_Chunks:10,11.7066
,200M, Num_Chunks:10,8.2640
,200M, Num_Chunks:10,8.8909
,200M, Num_Chunks:10,11.4838
,200M, Num_Chunks:10,10.8981
,200M, Num_Chunks:10,8.6373
,200M, Num_Chunks:10,21.6950
,200M, Num_Chunks:10,8.9023
,200M, Num_Chunks:10,10.8632
,200M, Num_Chunks:10,8.9877
,200M, Num_Chunks:10,8.8665
,201M, Num_Chunks:10,9.3587
,201M, Num_Chunks:10,8.7170
,201M, Num_Chunks:10,14.5002
,201M, Num_Chunks:10,8.0856
,201M, Num_Chunks:10,10.3630
,201M, Num_Chunks:10,9.0919
,201M, Num_Chunks:10,8.8559
,201M, Num_Chunks:10,8.5217
,201M, Num_Chunks:10,10.7402
,201M, Num_Chunks:10,8.6307
,202M, Num_Chunks:10,10.2337
,202M, Num_Chunks:10,10.6955
,202M, Num_Chunks:10,8.6738
,202M, Num_Chunks:10,11.6947
,202M, Num_Chunks:10,14.6634
,202M, Num_Chunks:10,8.7396
,202M, Num_Chunks:10,8.7788
,202M, Num_Chunks:10,8.0822
,202M, Num_Chunks:10,9.0482
,202M, Num_Chunks:10,14.0410
,203M, Num_Chunks:10,11.6458
,203M, Num_Chunks:10,8.1015
,203M, Num_Chunks:10,11.0318
,203M, Num_Chunks:10,9.2588
,203M, Num_Chunks:10,11.8051
,203M, Num_Chunks:10,10.4083
,203M, Num_Chunks:10,13.7132
,203M, Num_Chunks:10,9.5788
,203M, Num_Chunks:10,10.2955
,203M, Num_Chunks:10,8.6770
,204M, Num_Chunks:10,9.2029
,204M, Num_Chunks:10,10.3436
,204M, Num_Chunks:10,10.1521
,204M, Num_Chunks:10,8.5290
,204M, Num_Chunks:10,8.4911
,204M, Num_Chunks:10,17.1459
,204M, Num_Chunks:10,10.2721
,204M, Num_Chunks:10,9.6516
,204M, Num_Chunks:10,17.6076
,204M, Num_Chunks:10,9.1855
,205M, Num_Chunks:9,10.7292
,205M, Num_Chunks:9,11.2901
,205M, Num_Chunks:9,9.1133
,205M, Num_Chunks:9,11.6201
,205M, Num_Chunks:9,10.1356
,205M, Num_Chunks:9,10.5853
,205M, Num_Chunks:9,9.8181
,205M, Num_Chunks:9,8.3313
,205M, Num_Chunks:9,11.3234
,205M, Num_Chunks:9,9.1784
,206M, Num_Chunks:9,20.4966
,206M, Num_Chunks:9,11.2200
,206M, Num_Chunks:9,10.1531
,206M, Num_Chunks:9,9.2240
,206M, Num_Chunks:9,9.9971
,206M, Num_Chunks:9,9.2274
,206M, Num_Chunks:9,14.3657
,206M, Num_Chunks:9,12.9924
,206M, Num_Chunks:9,9.7411
,206M, Num_Chunks:9,11.3052
,207M, Num_Chunks:9,9.6261
,207M, Num_Chunks:9,11.8150
,207M, Num_Chunks:9,9.8854
,207M, Num_Chunks:9,10.0080
,207M, Num_Chunks:9,10.3981
,207M, Num_Chunks:9,12.4852
,207M, Num_Chunks:9,9.8853
,207M, Num_Chunks:9,10.2715
,207M, Num_Chunks:9,15.9739
,207M, Num_Chunks:9,13.6747
,208M, Num_Chunks:9,11.2562
,208M, Num_Chunks:9,9.5766
,208M, Num_Chunks:9,10.4996
,208M, Num_Chunks:9,9.1959
,208M, Num_Chunks:9,14.0957
,208M, Num_Chunks:9,20.6025
,208M, Num_Chunks:9,14.3241
,208M, Num_Chunks:9,9.2893
,208M, Num_Chunks:9,11.6908
,208M, Num_Chunks:9,9.7943
,209M, Num_Chunks:9,8.3932
,209M, Num_Chunks:9,13.5034
,209M, Num_Chunks:9,11.2327
,209M, Num_Chunks:9,17.6997
,209M, Num_Chunks:9,24.6397
,209M, Num_Chunks:9,9.2090
,209M, Num_Chunks:9,9.6309
,209M, Num_Chunks:9,10.0621
,209M, Num_Chunks:9,10.1807
,209M, Num_Chunks:9,12.6752
,210M, Num_Chunks:9,12.1277
,210M, Num_Chunks:9,21.0582
,210M, Num_Chunks:9,9.1853
,210M, Num_Chunks:9,10.5853
,210M, Num_Chunks:9,10.6237
,210M, Num_Chunks:9,17.7456
,210M, Num_Chunks:9,10.8793
,210M, Num_Chunks:9,11.5212
,210M, Num_Chunks:9,20.5646
,210M, Num_Chunks:9,10.3582
,211M, Num_Chunks:9,11.3454
,211M, Num_Chunks:9,8.4653
,211M, Num_Chunks:9,11.4876
,211M, Num_Chunks:9,10.2243
,211M, Num_Chunks:9,9.6746
,211M, Num_Chunks:9,12.5020
,211M, Num_Chunks:9,11.6435
,211M, Num_Chunks:9,13.2371
,211M, Num_Chunks:9,9.5890
,211M, Num_Chunks:9,9.5306
,212M, Num_Chunks:9,11.1621
,212M, Num_Chunks:9,8.7988
,212M, Num_Chunks:9,8.5166
,212M, Num_Chunks:9,17.7937
,212M, Num_Chunks:9,8.3707
,212M, Num_Chunks:9,8.4058
,212M, Num_Chunks:9,23.5924
,212M, Num_Chunks:9,10.3237
,212M, Num_Chunks:9,10.2043
,212M, Num_Chunks:9,8.6590
,213M, Num_Chunks:9,9.2484
,213M, Num_Chunks:9,9.3320
,213M, Num_Chunks:9,11.3448
,213M, Num_Chunks:9,9.2501
,213M, Num_Chunks:9,21.1270
,213M, Num_Chunks:9,8.9320
,213M, Num_Chunks:9,10.1994
,213M, Num_Chunks:9,16.0676
,213M, Num_Chunks:9,20.8169
,213M, Num_Chunks:9,9.3305
,214M, Num_Chunks:9,9.9929
,214M, Num_Chunks:9,9.9112
,214M, Num_Chunks:9,24.2887
,214M, Num_Chunks:9,8.5678
,214M, Num_Chunks:9,10.9865
,214M, Num_Chunks:9,11.3393
,214M, Num_Chunks:9,14.2625
,214M, Num_Chunks:9,10.0730
,214M, Num_Chunks:9,9.3942
,214M, Num_Chunks:9,24.4362
,215M, Num_Chunks:9,10.5954
,215M, Num_Chunks:9,12.9564
,215M, Num_Chunks:9,16.7524
,215M, Num_Chunks:9,9.8498
,215M, Num_Chunks:9,11.8254
,215M, Num_Chunks:9,11.4061
,215M, Num_Chunks:9,13.0829
,215M, Num_Chunks:9,8.3717
,215M, Num_Chunks:9,11.0756
,215M, Num_Chunks:9,13.4468
,216M, Num_Chunks:9,11.8896
,216M, Num_Chunks:9,9.0316
,216M, Num_Chunks:9,12.5941
,216M, Num_Chunks:9,8.5353
,216M, Num_Chunks:9,14.8285
,216M, Num_Chunks:9,10.5957
,216M, Num_Chunks:9,12.1639
,216M, Num_Chunks:9,16.1057
,216M, Num_Chunks:9,11.3317
,216M, Num_Chunks:9,17.7009
,217M, Num_Chunks:9,8.9242
,217M, Num_Chunks:9,9.2353
,217M, Num_Chunks:9,20.7857
,217M, Num_Chunks:9,11.7517
,217M, Num_Chunks:9,10.7841
,217M, Num_Chunks:9,9.8305
,217M, Num_Chunks:9,12.0565
,217M, Num_Chunks:9,11.0955
,217M, Num_Chunks:9,13.4678
,217M, Num_Chunks:9,11.9827
,218M, Num_Chunks:9,10.5004
,218M, Num_Chunks:9,13.4706
,218M, Num_Chunks:9,10.5963
,218M, Num_Chunks:9,12.7739
,218M, Num_Chunks:9,18.6912
,218M, Num_Chunks:9,13.0188
,218M, Num_Chunks:9,12.7666
,218M, Num_Chunks:9,8.2948
,218M, Num_Chunks:9,14.0940
,218M, Num_Chunks:9,11.7805
,219M, Num_Chunks:9,8.4913
,219M, Num_Chunks:9,13.4963
,219M, Num_Chunks:9,8.5828
,219M, Num_Chunks:9,8.7531
,219M, Num_Chunks:9,9.5543
,219M, Num_Chunks:9,15.2983
,219M, Num_Chunks:9,8.5508
,219M, Num_Chunks:9,12.5756
,219M, Num_Chunks:9,23.8538
,219M, Num_Chunks:9,11.1401
,220M, Num_Chunks:9,12.7379
,220M, Num_Chunks:9,10.3071
,220M, Num_Chunks:9,16.0784
,220M, Num_Chunks:9,11.2962
,220M, Num_Chunks:9,8.8806
,220M, Num_Chunks:9,9.3644
,220M, Num_Chunks:9,10.1846
,220M, Num_Chunks:9,8.9037
,220M, Num_Chunks:9,10.1608
,220M, Num_Chunks:9,11.9242
,221M, Num_Chunks:9,23.8977
,221M, Num_Chunks:9,11.3577
,221M, Num_Chunks:9,15.5709
,221M, Num_Chunks:9,10.3052
,221M, Num_Chunks:9,20.9409
,221M, Num_Chunks:9,11.1247
,221M, Num_Chunks:9,24.5193
,221M, Num_Chunks:9,7.8062
,221M, Num_Chunks:9,10.3099
,221M, Num_Chunks:9,10.6419
,222M, Num_Chunks:9,12.8312
,222M, Num_Chunks:9,13.8152
,222M, Num_Chunks:9,20.5508
,222M, Num_Chunks:9,8.7669
,222M, Num_Chunks:9,10.9047
,222M, Num_Chunks:9,20.2942
,222M, Num_Chunks:9,11.0612
,222M, Num_Chunks:9,10.1434
,222M, Num_Chunks:9,13.8450
,222M, Num_Chunks:9,9.9189
,223M, Num_Chunks:9,10.8411
,223M, Num_Chunks:9,8.7514
,223M, Num_Chunks:9,14.2544
,223M, Num_Chunks:9,8.8173
,223M, Num_Chunks:9,11.8802
,223M, Num_Chunks:9,8.6085
,223M, Num_Chunks:9,11.5004
,223M, Num_Chunks:9,13.1066
,223M, Num_Chunks:9,12.1023
,223M, Num_Chunks:9,9.0513
,224M, Num_Chunks:9,15.6768
,224M, Num_Chunks:9,10.7523
,224M, Num_Chunks:9,10.6415
,224M, Num_Chunks:9,8.7970
,224M, Num_Chunks:9,11.4050
,224M, Num_Chunks:9,9.0692
,224M, Num_Chunks:9,9.2191
,224M, Num_Chunks:9,19.5917
,224M, Num_Chunks:9,8.8799
,224M, Num_Chunks:9,11.4562
,225M, Num_Chunks:9,9.2793
,225M, Num_Chunks:9,13.1989
,225M, Num_Chunks:9,14.7314
,225M, Num_Chunks:9,14.2681
,225M, Num_Chunks:9,10.1350
,225M, Num_Chunks:9,9.5091
,225M, Num_Chunks:9,24.7302
,225M, Num_Chunks:9,10.8824
,225M, Num_Chunks:9,8.5187
,225M, Num_Chunks:9,10.1289
,226M, Num_Chunks:9,10.0651
,226M, Num_Chunks:9,11.0676
,226M, Num_Chunks:9,10.2021
,226M, Num_Chunks:9,10.9264
,226M, Num_Chunks:9,19.8265
,226M, Num_Chunks:9,12.1669
,226M, Num_Chunks:9,9.3451
,226M, Num_Chunks:9,14.0899
,226M, Num_Chunks:9,11.7161
,226M, Num_Chunks:9,11.5998
,227M, Num_Chunks:9,9.9271
,227M, Num_Chunks:9,10.0518
,227M, Num_Chunks:9,10.2218
,227M, Num_Chunks:9,11.6905
,227M, Num_Chunks:9,12.6780
,227M, Num_Chunks:9,15.4099
,227M, Num_Chunks:9,12.1252
,227M, Num_Chunks:9,24.1470
,227M, Num_Chunks:9,23.1345
,227M, Num_Chunks:9,12.3074
,228M, Num_Chunks:8,10.9795
,228M, Num_Chunks:8,9.4553
,228M, Num_Chunks:8,9.9782
,228M, Num_Chunks:8,12.0534
,228M, Num_Chunks:8,21.6408
,228M, Num_Chunks:8,10.2202
,228M, Num_Chunks:8,9.7611
,228M, Num_Chunks:8,10.3104
,228M, Num_Chunks:8,10.7103
,228M, Num_Chunks:8,9.8116
,229M, Num_Chunks:8,9.5764
,229M, Num_Chunks:8,9.0062
,229M, Num_Chunks:8,9.7179
,229M, Num_Chunks:8,11.9544
,229M, Num_Chunks:8,9.5879
,229M, Num_Chunks:8,10.1059
,229M, Num_Chunks:8,10.7696
,229M, Num_Chunks:8,9.8158
,229M, Num_Chunks:8,25.2776
,229M, Num_Chunks:8,10.4047
,230M, Num_Chunks:8,12.3521
,230M, Num_Chunks:8,10.3767
,230M, Num_Chunks:8,8.7865
,230M, Num_Chunks:8,9.0445
,230M, Num_Chunks:8,9.9206
,230M, Num_Chunks:8,16.3890
,230M, Num_Chunks:8,11.6061
,230M, Num_Chunks:8,9.9631
,230M, Num_Chunks:8,10.6909
,230M, Num_Chunks:8,10.0211
,231M, Num_Chunks:8,10.5359
,231M, Num_Chunks:8,9.9422
,231M, Num_Chunks:8,18.7458
,231M, Num_Chunks:8,12.4988
,231M, Num_Chunks:8,10.4878
,231M, Num_Chunks:8,11.3503
,231M, Num_Chunks:8,13.7805
,231M, Num_Chunks:8,14.6219
,231M, Num_Chunks:8,10.4980
,231M, Num_Chunks:8,10.2695
,232M, Num_Chunks:8,25.3950
,232M, Num_Chunks:8,9.5514
,232M, Num_Chunks:8,9.1996
,232M, Num_Chunks:8,9.0534
,232M, Num_Chunks:8,11.4332
,232M, Num_Chunks:8,9.3325
,232M, Num_Chunks:8,18.5261
,232M, Num_Chunks:8,9.1261
,232M, Num_Chunks:8,9.7426
,232M, Num_Chunks:8,9.0874
,233M, Num_Chunks:8,9.7624
,233M, Num_Chunks:8,12.8190
,233M, Num_Chunks:8,13.6201
,233M, Num_Chunks:8,10.5045
,233M, Num_Chunks:8,8.6747
,233M, Num_Chunks:8,12.3510
,233M, Num_Chunks:8,11.6392
,233M, Num_Chunks:8,21.2557
,233M, Num_Chunks:8,12.0814
,233M, Num_Chunks:8,9.5585
,234M, Num_Chunks:8,17.1765
,234M, Num_Chunks:8,9.4118
,234M, Num_Chunks:8,10.1158
,234M, Num_Chunks:8,9.1141
,234M, Num_Chunks:8,10.7180
,234M, Num_Chunks:8,12.4161
,234M, Num_Chunks:8,10.4413
,234M, Num_Chunks:8,8.3580
,234M, Num_Chunks:8,21.1534
,234M, Num_Chunks:8,9.1823
,235M, Num_Chunks:8,21.4141
,235M, Num_Chunks:8,9.1538
,235M, Num_Chunks:8,10.7531
,235M, Num_Chunks:8,10.8040
,235M, Num_Chunks:8,15.9762
,235M, Num_Chunks:8,9.3014
,235M, Num_Chunks:8,9.1392
,235M, Num_Chunks:8,13.1891
,235M, Num_Chunks:8,11.7147
,235M, Num_Chunks:8,21.5737
,236M, Num_Chunks:8,12.1038
,236M, Num_Chunks:8,10.2060
,236M, Num_Chunks:8,11.7492
,236M, Num_Chunks:8,25.0851
,236M, Num_Chunks:8,9.9601
,236M, Num_Chunks:8,11.3020
,236M, Num_Chunks:8,9.4777
,236M, Num_Chunks:8,10.0816
,236M, Num_Chunks:8,12.9704
,236M, Num_Chunks:8,10.0390
,237M, Num_Chunks:8,11.2038
,237M, Num_Chunks:8,11.4313
,237M, Num_Chunks:8,12.3957
,237M, Num_Chunks:8,10.4475
,237M, Num_Chunks:8,11.7990
,237M, Num_Chunks:8,11.9190
,237M, Num_Chunks:8,9.3219
,237M, Num_Chunks:8,9.0626
,237M, Num_Chunks:8,10.3791
,237M, Num_Chunks:8,10.3460
,238M, Num_Chunks:8,11.7722
,238M, Num_Chunks:8,9.1281
,238M, Num_Chunks:8,12.4155
,238M, Num_Chunks:8,9.8321
,238M, Num_Chunks:8,21.6259
,238M, Num_Chunks:8,9.1453
,238M, Num_Chunks:8,18.6218
,238M, Num_Chunks:8,21.7197
,238M, Num_Chunks:8,8.9614
,238M, Num_Chunks:8,10.3426
,239M, Num_Chunks:8,13.9509
,239M, Num_Chunks:8,9.4232
,239M, Num_Chunks:8,8.9166
,239M, Num_Chunks:8,17.9391
,239M, Num_Chunks:8,14.2513
,239M, Num_Chunks:8,11.9393
,239M, Num_Chunks:8,24.7348
,239M, Num_Chunks:8,15.1751
,239M, Num_Chunks:8,8.9830
,239M, Num_Chunks:8,10.2784
,240M, Num_Chunks:8,11.3685
,240M, Num_Chunks:8,11.5855
,240M, Num_Chunks:8,9.3491
,240M, Num_Chunks:8,9.7189
,240M, Num_Chunks:8,17.4062
,240M, Num_Chunks:8,21.4929
,240M, Num_Chunks:8,12.3295
,240M, Num_Chunks:8,11.6624
,240M, Num_Chunks:8,12.5555
,240M, Num_Chunks:8,10.4876
,241M, Num_Chunks:8,11.3409
,241M, Num_Chunks:8,9.6976
,241M, Num_Chunks:8,9.6688
,241M, Num_Chunks:8,10.1053
,241M, Num_Chunks:8,12.2669
,241M, Num_Chunks:8,9.9834
,241M, Num_Chunks:8,11.2349
,241M, Num_Chunks:8,9.5820
,241M, Num_Chunks:8,9.2195
,241M, Num_Chunks:8,10.4117
,242M, Num_Chunks:8,25.1226
,242M, Num_Chunks:8,12.7998
,242M, Num_Chunks:8,10.2640
,242M, Num_Chunks:8,9.9083
,242M, Num_Chunks:8,16.0875
,242M, Num_Chunks:8,10.7793
,242M, Num_Chunks:8,12.9664
,242M, Num_Chunks:8,8.9596
,242M, Num_Chunks:8,8.9547
,242M, Num_Chunks:8,13.1700
,243M, Num_Chunks:8,10.1012
,243M, Num_Chunks:8,13.4025
,243M, Num_Chunks:8,9.3993
,243M, Num_Chunks:8,9.0165
,243M, Num_Chunks:8,20.2176
,243M, Num_Chunks:8,8.8523
,243M, Num_Chunks:8,9.0647
,243M, Num_Chunks:8,9.8580
,243M, Num_Chunks:8,10.5743
,243M, Num_Chunks:8,19.6633
,244M, Num_Chunks:8,9.9659
,244M, Num_Chunks:8,10.4381
,244M, Num_Chunks:8,18.4872
,244M, Num_Chunks:8,10.3318
,244M, Num_Chunks:8,9.5708
,244M, Num_Chunks:8,15.9849
,244M, Num_Chunks:8,23.8731
,244M, Num_Chunks:8,10.8851
,244M, Num_Chunks:8,9.2384
,244M, Num_Chunks:8,9.1330
,245M, Num_Chunks:8,22.0853
,245M, Num_Chunks:8,11.0509
,245M, Num_Chunks:8,9.4980
,245M, Num_Chunks:8,9.7654
,245M, Num_Chunks:8,21.1131
,245M, Num_Chunks:8,19.4227
,245M, Num_Chunks:8,15.3272
,245M, Num_Chunks:8,14.7024
,245M, Num_Chunks:8,11.6700
,245M, Num_Chunks:8,9.8659
,246M, Num_Chunks:8,9.1153
,246M, Num_Chunks:8,9.5639
,246M, Num_Chunks:8,12.2589
,246M, Num_Chunks:8,16.8018
,246M, Num_Chunks:8,9.2395
,246M, Num_Chunks:8,13.6299
,246M, Num_Chunks:8,11.1453
,246M, Num_Chunks:8,10.3360
,246M, Num_Chunks:8,14.6478
,246M, Num_Chunks:8,13.5643
,247M, Num_Chunks:8,21.5282
,247M, Num_Chunks:8,10.2517
,247M, Num_Chunks:8,9.9683
,247M, Num_Chunks:8,21.3045
,247M, Num_Chunks:8,10.0042
,247M, Num_Chunks:8,9.1545
,247M, Num_Chunks:8,15.1894
,247M, Num_Chunks:8,12.3249
,247M, Num_Chunks:8,9.0890
,247M, Num_Chunks:8,10.5850
,248M, Num_Chunks:8,13.7052
,248M, Num_Chunks:8,10.2108
,248M, Num_Chunks:8,17.8525
,248M, Num_Chunks:8,10.6056
,248M, Num_Chunks:8,9.1148
,248M, Num_Chunks:8,10.0893
,248M, Num_Chunks:8,19.9163
,248M, Num_Chunks:8,16.3569
,248M, Num_Chunks:8,9.4330
,248M, Num_Chunks:8,10.4135
,249M, Num_Chunks:8,9.0130
,249M, Num_Chunks:8,9.6584
,249M, Num_Chunks:8,10.1727
,249M, Num_Chunks:8,14.8953
,249M, Num_Chunks:8,24.8722
,249M, Num_Chunks:8,14.1096
,249M, Num_Chunks:8,10.7349
,249M, Num_Chunks:8,8.8793
,249M, Num_Chunks:8,12.3646
,249M, Num_Chunks:8,9.6996
,250M, Num_Chunks:8,10.1124
,250M, Num_Chunks:8,9.8174
,250M, Num_Chunks:8,8.9621
,250M, Num_Chunks:8,17.4654
,250M, Num_Chunks:8,12.1208
,250M, Num_Chunks:8,24.3011
,250M, Num_Chunks:8,11.3193
,250M, Num_Chunks:8,21.4416
,250M, Num_Chunks:8,9.6455
,250M, Num_Chunks:8,24.6242
,251M, Num_Chunks:8,18.8997
,251M, Num_Chunks:8,9.2889
,251M, Num_Chunks:8,21.3267
,251M, Num_Chunks:8,14.9366
,251M, Num_Chunks:8,9.3794
,251M, Num_Chunks:8,9.7417
,251M, Num_Chunks:8,21.4079
,251M, Num_Chunks:8,14.5578
,251M, Num_Chunks:8,11.4975
,251M, Num_Chunks:8,9.1525
,252M, Num_Chunks:8,8.6436
,252M, Num_Chunks:8,10.9095
,252M, Num_Chunks:8,12.8189
,252M, Num_Chunks:8,9.7876
,252M, Num_Chunks:8,10.6961
,252M, Num_Chunks:8,14.2690
,252M, Num_Chunks:8,9.5765
,252M, Num_Chunks:8,10.0133
,252M, Num_Chunks:8,12.8189
,252M, Num_Chunks:8,10.7138
,253M, Num_Chunks:8,10.0042
,253M, Num_Chunks:8,9.5485
,253M, Num_Chunks:8,9.5625
,253M, Num_Chunks:8,11.3361
,253M, Num_Chunks:8,11.7245
,253M, Num_Chunks:8,22.5084
,253M, Num_Chunks:8,10.7101
,253M, Num_Chunks:8,9.1072
,253M, Num_Chunks:8,8.9820
,253M, Num_Chunks:8,12.1886
,254M, Num_Chunks:8,10.3926
,254M, Num_Chunks:8,9.7109
,254M, Num_Chunks:8,8.9272
,254M, Num_Chunks:8,9.6759
,254M, Num_Chunks:8,9.6602
,254M, Num_Chunks:8,24.3800
,254M, Num_Chunks:8,17.1732
,254M, Num_Chunks:8,9.6296
,254M, Num_Chunks:8,11.0720
,254M, Num_Chunks:8,9.5123
,255M, Num_Chunks:8,16.4259
,255M, Num_Chunks:8,10.2800
,255M, Num_Chunks:8,10.3216
,255M, Num_Chunks:8,9.1624
,255M, Num_Chunks:8,14.5735
,255M, Num_Chunks:8,9.5288
,255M, Num_Chunks:8,13.8495
,255M, Num_Chunks:8,10.8598
,255M, Num_Chunks:8,11.8828
,255M, Num_Chunks:8,13.4596
,256M, Num_Chunks:8,10.1141
,256M, Num_Chunks:8,10.4055
,256M, Num_Chunks:8,9.1735
,256M, Num_Chunks:8,13.1302
,256M, Num_Chunks:8,9.2517
,256M, Num_Chunks:8,9.1147
,256M, Num_Chunks:8,24.2859
,256M, Num_Chunks:8,8.9153
,256M, Num_Chunks:8,10.4877
,256M, Num_Chunks:8,10.0146
,257M, Num_Chunks:7,9.7238
,257M, Num_Chunks:7,11.1252
,257M, Num_Chunks:7,12.6166
,257M, Num_Chunks:7,10.3555
,257M, Num_Chunks:7,11.7314
,257M, Num_Chunks:7,17.2812
,257M, Num_Chunks:7,10.9209
,257M, Num_Chunks:7,10.2588
,257M, Num_Chunks:7,10.8424
,257M, Num_Chunks:7,10.6014
,258M, Num_Chunks:7,25.2243
,258M, Num_Chunks:7,11.2541
,258M, Num_Chunks:7,25.4833
,258M, Num_Chunks:7,10.6790
,258M, Num_Chunks:7,10.3795
,258M, Num_Chunks:7,9.7433
,258M, Num_Chunks:7,11.3426
,258M, Num_Chunks:7,10.5213
,258M, Num_Chunks:7,11.0452
,258M, Num_Chunks:7,10.0681
,259M, Num_Chunks:7,9.7758
,259M, Num_Chunks:7,10.1422
,259M, Num_Chunks:7,22.3576
,259M, Num_Chunks:7,11.6633
,259M, Num_Chunks:7,10.6676
,259M, Num_Chunks:7,10.0795
,259M, Num_Chunks:7,14.4752
,259M, Num_Chunks:7,9.9047
,259M, Num_Chunks:7,10.8760
,259M, Num_Chunks:7,9.7916
,260M, Num_Chunks:7,16.0013
,260M, Num_Chunks:7,15.5125
,260M, Num_Chunks:7,11.5811
,260M, Num_Chunks:7,21.8985
,260M, Num_Chunks:7,17.3137
,260M, Num_Chunks:7,9.8706
,260M, Num_Chunks:7,11.5593
,260M, Num_Chunks:7,10.7825
,260M, Num_Chunks:7,13.0272
,260M, Num_Chunks:7,14.5738
,261M, Num_Chunks:7,10.3004
,261M, Num_Chunks:7,11.0391
,261M, Num_Chunks:7,9.6993
,261M, Num_Chunks:7,10.4457
,261M, Num_Chunks:7,10.7573
,261M, Num_Chunks:7,9.7008
,261M, Num_Chunks:7,10.2229
,261M, Num_Chunks:7,9.2260
,261M, Num_Chunks:7,10.1457
,261M, Num_Chunks:7,13.0134
,262M, Num_Chunks:7,22.0363
,262M, Num_Chunks:7,12.9483
,262M, Num_Chunks:7,10.7052
,262M, Num_Chunks:7,25.4536
,262M, Num_Chunks:7,12.2041
,262M, Num_Chunks:7,10.8902
,262M, Num_Chunks:7,10.5852
,262M, Num_Chunks:7,10.4656
,262M, Num_Chunks:7,20.8788
,262M, Num_Chunks:7,22.1157
,263M, Num_Chunks:7,9.7726
,263M, Num_Chunks:7,10.0901
,263M, Num_Chunks:7,9.4603
,263M, Num_Chunks:7,12.6949
,263M, Num_Chunks:7,15.6977
,263M, Num_Chunks:7,12.8136
,263M, Num_Chunks:7,22.2651
,263M, Num_Chunks:7,20.1143
,263M, Num_Chunks:7,12.1400
,263M, Num_Chunks:7,15.2803
,264M, Num_Chunks:7,9.9398
,264M, Num_Chunks:7,12.5294
,264M, Num_Chunks:7,15.2154
,264M, Num_Chunks:7,10.3712
,264M, Num_Chunks:7,11.3635
,264M, Num_Chunks:7,15.7469
,264M, Num_Chunks:7,17.0750
,264M, Num_Chunks:7,9.6709
,264M, Num_Chunks:7,12.8036
,264M, Num_Chunks:7,9.5272
,265M, Num_Chunks:7,11.2147
,265M, Num_Chunks:7,13.5231
,265M, Num_Chunks:7,18.6214
,265M, Num_Chunks:7,14.6036
,265M, Num_Chunks:7,11.4198
,265M, Num_Chunks:7,12.6873
,265M, Num_Chunks:7,10.7156
,265M, Num_Chunks:7,10.7037
,265M, Num_Chunks:7,11.1678
,265M, Num_Chunks:7,19.2407
,266M, Num_Chunks:7,25.4761
,266M, Num_Chunks:7,10.4883
,266M, Num_Chunks:7,10.0495
,266M, Num_Chunks:7,9.6783
,266M, Num_Chunks:7,9.8569
,266M, Num_Chunks:7,12.4521
,266M, Num_Chunks:7,13.3777
,266M, Num_Chunks:7,9.9215
,266M, Num_Chunks:7,11.3660
,266M, Num_Chunks:7,13.9019
,267M, Num_Chunks:7,12.7579
,267M, Num_Chunks:7,16.6707
,267M, Num_Chunks:7,19.2597
,267M, Num_Chunks:7,12.8935
,267M, Num_Chunks:7,9.9350
,267M, Num_Chunks:7,10.4110
,267M, Num_Chunks:7,10.3525
,267M, Num_Chunks:7,20.7221
,267M, Num_Chunks:7,15.3206
,267M, Num_Chunks:7,9.6801
,268M, Num_Chunks:7,10.2871
,268M, Num_Chunks:7,22.2402
,268M, Num_Chunks:7,9.8226
,268M, Num_Chunks:7,11.2304
,268M, Num_Chunks:7,10.5197
,268M, Num_Chunks:7,9.8235
,268M, Num_Chunks:7,11.2369
,268M, Num_Chunks:7,15.2065
,268M, Num_Chunks:7,21.3122
,268M, Num_Chunks:7,11.1446
,269M, Num_Chunks:7,10.6557
,269M, Num_Chunks:7,22.7350
,269M, Num_Chunks:7,9.9182
,269M, Num_Chunks:7,11.1281
,269M, Num_Chunks:7,9.6376
,269M, Num_Chunks:7,10.7168
,269M, Num_Chunks:7,13.9217
,269M, Num_Chunks:7,10.5734
,269M, Num_Chunks:7,16.8709
,269M, Num_Chunks:7,17.1682
,270M, Num_Chunks:7,9.8625
,270M, Num_Chunks:7,11.1484
,270M, Num_Chunks:7,9.5955
,270M, Num_Chunks:7,13.3168
,270M, Num_Chunks:7,11.7918
,270M, Num_Chunks:7,9.7623
,270M, Num_Chunks:7,19.4437
,270M, Num_Chunks:7,9.7683
,270M, Num_Chunks:7,14.3278
,270M, Num_Chunks:7,10.2115
,271M, Num_Chunks:7,12.2361
,271M, Num_Chunks:7,10.2737
,271M, Num_Chunks:7,12.9823
,271M, Num_Chunks:7,10.1860
,271M, Num_Chunks:7,10.2212
,271M, Num_Chunks:7,14.3351
,271M, Num_Chunks:7,10.8865
,271M, Num_Chunks:7,14.2142
,271M, Num_Chunks:7,10.0850
,271M, Num_Chunks:7,14.4170
,272M, Num_Chunks:7,16.9032
,272M, Num_Chunks:7,12.3518
,272M, Num_Chunks:7,19.1855
,272M, Num_Chunks:7,15.6165
,272M, Num_Chunks:7,13.2698
,272M, Num_Chunks:7,14.9092
,272M, Num_Chunks:7,12.9412
,272M, Num_Chunks:7,22.1374
,272M, Num_Chunks:7,25.3355
,272M, Num_Chunks:7,14.7243
,273M, Num_Chunks:7,10.7786
,273M, Num_Chunks:7,22.0424
,273M, Num_Chunks:7,16.4557
,273M, Num_Chunks:7,10.1482
,273M, Num_Chunks:7,22.5974
,273M, Num_Chunks:7,9.9368
,273M, Num_Chunks:7,10.3925
,273M, Num_Chunks:7,12.9492
,273M, Num_Chunks:7,18.3132
,273M, Num_Chunks:7,11.0241
,274M, Num_Chunks:7,13.1235
,274M, Num_Chunks:7,22.1628
,274M, Num_Chunks:7,22.1106
,274M, Num_Chunks:7,10.4843
,274M, Num_Chunks:7,13.9204
,274M, Num_Chunks:7,12.8980
,274M, Num_Chunks:7,16.1301
,274M, Num_Chunks:7,14.1779
,274M, Num_Chunks:7,10.0014
,274M, Num_Chunks:7,11.7440
,275M, Num_Chunks:7,10.0530
,275M, Num_Chunks:7,13.1760
,275M, Num_Chunks:7,9.7687
,275M, Num_Chunks:7,16.1888
,275M, Num_Chunks:7,10.8366
,275M, Num_Chunks:7,11.6809
,275M, Num_Chunks:7,11.3533
,275M, Num_Chunks:7,11.9011
,275M, Num_Chunks:7,15.0204
,275M, Num_Chunks:7,14.6026
,276M, Num_Chunks:7,13.2029
,276M, Num_Chunks:7,11.9779
,276M, Num_Chunks:7,10.7345
,276M, Num_Chunks:7,13.5082
,276M, Num_Chunks:7,18.1452
,276M, Num_Chunks:7,22.3585
,276M, Num_Chunks:7,15.7546
,276M, Num_Chunks:7,12.0033
,276M, Num_Chunks:7,11.3488
,276M, Num_Chunks:7,15.5803
,277M, Num_Chunks:7,10.1385
,277M, Num_Chunks:7,21.5813
,277M, Num_Chunks:7,15.7817
,277M, Num_Chunks:7,16.0617
,277M, Num_Chunks:7,12.6420
,277M, Num_Chunks:7,13.2834
,277M, Num_Chunks:7,15.1556
,277M, Num_Chunks:7,18.3928
,277M, Num_Chunks:7,12.1313
,277M, Num_Chunks:7,11.1042
,278M, Num_Chunks:7,9.8892
,278M, Num_Chunks:7,17.8226
,278M, Num_Chunks:7,13.3686
,278M, Num_Chunks:7,10.2371
,278M, Num_Chunks:7,10.0682
,278M, Num_Chunks:7,14.8684
,278M, Num_Chunks:7,12.7627
,278M, Num_Chunks:7,11.5037
,278M, Num_Chunks:7,10.8270
,278M, Num_Chunks:7,11.6130
,279M, Num_Chunks:7,10.3365
,279M, Num_Chunks:7,15.2751
,279M, Num_Chunks:7,9.7452
,279M, Num_Chunks:7,14.7369
,279M, Num_Chunks:7,10.3096
,279M, Num_Chunks:7,9.9365
,279M, Num_Chunks:7,10.6358
,279M, Num_Chunks:7,10.4782
,279M, Num_Chunks:7,11.5127
,279M, Num_Chunks:7,9.9014
,280M, Num_Chunks:7,10.2358
,280M, Num_Chunks:7,10.2251
,280M, Num_Chunks:7,15.3575
,280M, Num_Chunks:7,10.0331
,280M, Num_Chunks:7,9.6791
,280M, Num_Chunks:7,12.3540
,280M, Num_Chunks:7,9.7820
,280M, Num_Chunks:7,11.4458
,280M, Num_Chunks:7,11.1471
,280M, Num_Chunks:7,11.2759
,281M, Num_Chunks:7,14.3842
,281M, Num_Chunks:7,22.3604
,281M, Num_Chunks:7,9.8761
,281M, Num_Chunks:7,10.6458
,281M, Num_Chunks:7,10.0974
,281M, Num_Chunks:7,20.3535
,281M, Num_Chunks:7,9.9123
,281M, Num_Chunks:7,11.3880
,281M, Num_Chunks:7,10.3537
,281M, Num_Chunks:7,10.2857
,282M, Num_Chunks:7,15.3026
,282M, Num_Chunks:7,13.3992
,282M, Num_Chunks:7,10.4294
,282M, Num_Chunks:7,10.2303
,282M, Num_Chunks:7,9.7201
,282M, Num_Chunks:7,11.1401
,282M, Num_Chunks:7,10.4926
,282M, Num_Chunks:7,9.6654
,282M, Num_Chunks:7,18.2792
,282M, Num_Chunks:7,10.0577
,283M, Num_Chunks:7,15.0757
,283M, Num_Chunks:7,10.1252
,283M, Num_Chunks:7,11.1997
,283M, Num_Chunks:7,10.3865
,283M, Num_Chunks:7,11.7258
,283M, Num_Chunks:7,18.9941
,283M, Num_Chunks:7,12.2761
,283M, Num_Chunks:7,13.2371
,283M, Num_Chunks:7,15.7523
,283M, Num_Chunks:7,9.6249
,284M, Num_Chunks:7,13.1149
,284M, Num_Chunks:7,10.6540
,284M, Num_Chunks:7,9.8315
,284M, Num_Chunks:7,22.4256
,284M, Num_Chunks:7,11.6320
,284M, Num_Chunks:7,11.1489
,284M, Num_Chunks:7,10.6557
,284M, Num_Chunks:7,9.2959
,284M, Num_Chunks:7,11.2621
,284M, Num_Chunks:7,17.7373
,285M, Num_Chunks:7,10.8967
,285M, Num_Chunks:7,16.0625
,285M, Num_Chunks:7,10.6584
,285M, Num_Chunks:7,14.0118
,285M, Num_Chunks:7,10.7416
,285M, Num_Chunks:7,25.8045
,285M, Num_Chunks:7,10.6706
,285M, Num_Chunks:7,13.1023
,285M, Num_Chunks:7,9.8947
,285M, Num_Chunks:7,9.8065
,286M, Num_Chunks:7,21.9346
,286M, Num_Chunks:7,11.7798
,286M, Num_Chunks:7,13.2639
,286M, Num_Chunks:7,11.1828
,286M, Num_Chunks:7,11.3103
,286M, Num_Chunks:7,12.1223
,286M, Num_Chunks:7,10.3693
,286M, Num_Chunks:7,24.9403
,286M, Num_Chunks:7,10.3482
,286M, Num_Chunks:7,15.8085
,287M, Num_Chunks:7,10.8536
,287M, Num_Chunks:7,9.7269
,287M, Num_Chunks:7,10.8979
,287M, Num_Chunks:7,14.6379
,287M, Num_Chunks:7,12.4220
,287M, Num_Chunks:7,11.1891
,287M, Num_Chunks:7,11.2694
,287M, Num_Chunks:7,10.4503
,287M, Num_Chunks:7,10.1467
,287M, Num_Chunks:7,22.2146
,288M, Num_Chunks:7,15.3329
,288M, Num_Chunks:7,10.9344
,288M, Num_Chunks:7,10.0630
,288M, Num_Chunks:7,10.6875
,288M, Num_Chunks:7,11.8631
,288M, Num_Chunks:7,10.5204
,288M, Num_Chunks:7,10.5994
,288M, Num_Chunks:7,13.7225
,288M, Num_Chunks:7,10.3131
,288M, Num_Chunks:7,9.7844
,289M, Num_Chunks:7,9.8294
,289M, Num_Chunks:7,15.4256
,289M, Num_Chunks:7,10.9050
,289M, Num_Chunks:7,10.0369
,289M, Num_Chunks:7,21.3345
,289M, Num_Chunks:7,10.5715
,289M, Num_Chunks:7,12.1346
,289M, Num_Chunks:7,11.5730
,289M, Num_Chunks:7,10.1084
,289M, Num_Chunks:7,14.9280
,290M, Num_Chunks:7,14.2408
,290M, Num_Chunks:7,11.3336
,290M, Num_Chunks:7,18.8662
,290M, Num_Chunks:7,11.7795
,290M, Num_Chunks:7,12.4810
,290M, Num_Chunks:7,16.6563
,290M, Num_Chunks:7,16.7421
,290M, Num_Chunks:7,15.2183
,290M, Num_Chunks:7,13.2020
,290M, Num_Chunks:7,9.8712
,291M, Num_Chunks:7,22.0888
,291M, Num_Chunks:7,16.6013
,291M, Num_Chunks:7,9.7339
,291M, Num_Chunks:7,10.2529
,291M, Num_Chunks:7,9.9372
,291M, Num_Chunks:7,21.8812
,291M, Num_Chunks:7,11.6593
,291M, Num_Chunks:7,11.8727
,291M, Num_Chunks:7,17.9333
,291M, Num_Chunks:7,17.5460
,292M, Num_Chunks:7,10.5909
,292M, Num_Chunks:7,10.2089
,292M, Num_Chunks:7,11.4588
,292M, Num_Chunks:7,10.7641
,292M, Num_Chunks:7,14.6003
,292M, Num_Chunks:7,19.7269
,292M, Num_Chunks:7,10.0509
,292M, Num_Chunks:7,14.0193
,292M, Num_Chunks:7,10.9579
,292M, Num_Chunks:7,10.4762
,293M, Num_Chunks:6,10.6871
,293M, Num_Chunks:6,11.1674
,293M, Num_Chunks:6,13.3507
,293M, Num_Chunks:6,10.7540
,293M, Num_Chunks:6,11.5970
,293M, Num_Chunks:6,11.7266
,293M, Num_Chunks:6,11.4994
,293M, Num_Chunks:6,11.8421
,293M, Num_Chunks:6,14.5828
,293M, Num_Chunks:6,10.6863
,294M, Num_Chunks:6,11.3688
,294M, Num_Chunks:6,12.3826
,294M, Num_Chunks:6,11.5780
,294M, Num_Chunks:6,13.8083
,294M, Num_Chunks:6,10.7964
,294M, Num_Chunks:6,12.5931
,294M, Num_Chunks:6,15.5600
,294M, Num_Chunks:6,17.2719
,294M, Num_Chunks:6,11.4424
,294M, Num_Chunks:6,17.2592
,295M, Num_Chunks:6,12.2828
,295M, Num_Chunks:6,10.8969
,295M, Num_Chunks:6,11.5413
,295M, Num_Chunks:6,11.3383
,295M, Num_Chunks:6,12.1781
,295M, Num_Chunks:6,11.2456
,295M, Num_Chunks:6,11.9547
,295M, Num_Chunks:6,10.7379
,295M, Num_Chunks:6,12.1888
,295M, Num_Chunks:6,15.1132
,296M, Num_Chunks:6,14.4988
,296M, Num_Chunks:6,12.4381
,296M, Num_Chunks:6,10.8611
,296M, Num_Chunks:6,14.4258
,296M, Num_Chunks:6,23.0046
,296M, Num_Chunks:6,11.1752
,296M, Num_Chunks:6,11.1410
,296M, Num_Chunks:6,14.1830
,296M, Num_Chunks:6,12.6434
,296M, Num_Chunks:6,10.8884
,297M, Num_Chunks:6,12.5542
,297M, Num_Chunks:6,11.9767
,297M, Num_Chunks:6,14.2434
,297M, Num_Chunks:6,11.1811
,297M, Num_Chunks:6,13.6251
,297M, Num_Chunks:6,12.4677
,297M, Num_Chunks:6,12.1257
,297M, Num_Chunks:6,11.5220
,297M, Num_Chunks:6,11.0794
,297M, Num_Chunks:6,10.6845
,298M, Num_Chunks:6,11.1521
,298M, Num_Chunks:6,11.0429
,298M, Num_Chunks:6,10.7541
,298M, Num_Chunks:6,13.3022
,298M, Num_Chunks:6,10.8167
,298M, Num_Chunks:6,17.7787
,298M, Num_Chunks:6,12.9358
,298M, Num_Chunks:6,10.7820
,298M, Num_Chunks:6,20.2063
,298M, Num_Chunks:6,14.0946
,299M, Num_Chunks:6,11.0229
,299M, Num_Chunks:6,11.3119
,299M, Num_Chunks:6,11.7694
,299M, Num_Chunks:6,11.0682
,299M, Num_Chunks:6,13.6733
,299M, Num_Chunks:6,10.7904
,299M, Num_Chunks:6,10.9134
,299M, Num_Chunks:6,10.6323
,299M, Num_Chunks:6,10.9678
,299M, Num_Chunks:6,11.4812
,300M, Num_Chunks:6,18.2634
,300M, Num_Chunks:6,16.2792
,300M, Num_Chunks:6,15.0372
,300M, Num_Chunks:6,10.9101
,300M, Num_Chunks:6,14.3036
,300M, Num_Chunks:6,11.1583
,300M, Num_Chunks:6,11.1457
,300M, Num_Chunks:6,16.3216
,300M, Num_Chunks:6,14.2004
,300M, Num_Chunks:6,11.0611
,301M, Num_Chunks:6,12.8230
,301M, Num_Chunks:6,14.3947
,301M, Num_Chunks:6,10.7242
,301M, Num_Chunks:6,11.6982
,301M, Num_Chunks:6,12.1571
,301M, Num_Chunks:6,11.1097
,301M, Num_Chunks:6,26.8014
,301M, Num_Chunks:6,12.3775
,301M, Num_Chunks:6,11.0131
,301M, Num_Chunks:6,10.5764
,302M, Num_Chunks:6,11.1451
,302M, Num_Chunks:6,11.0848
,302M, Num_Chunks:6,22.8608
,302M, Num_Chunks:6,11.9346
,302M, Num_Chunks:6,14.9663
,302M, Num_Chunks:6,13.2237
,302M, Num_Chunks:6,18.6512
,302M, Num_Chunks:6,18.5641
,302M, Num_Chunks:6,14.1696
,302M, Num_Chunks:6,10.4920
,303M, Num_Chunks:6,11.2012
,303M, Num_Chunks:6,15.2264
,303M, Num_Chunks:6,10.6070
,303M, Num_Chunks:6,18.0943
,303M, Num_Chunks:6,10.6525
,303M, Num_Chunks:6,14.2926
,303M, Num_Chunks:6,10.6610
,303M, Num_Chunks:6,10.6313
,303M, Num_Chunks:6,10.9473
,303M, Num_Chunks:6,11.5371
,304M, Num_Chunks:6,14.1890
,304M, Num_Chunks:6,12.2902
,304M, Num_Chunks:6,11.9448
,304M, Num_Chunks:6,11.3159
,304M, Num_Chunks:6,11.8107
,304M, Num_Chunks:6,14.7791
,304M, Num_Chunks:6,17.5098
,304M, Num_Chunks:6,11.9071
,304M, Num_Chunks:6,13.3119
,304M, Num_Chunks:6,12.6094
,305M, Num_Chunks:6,14.1823
,305M, Num_Chunks:6,11.2696
,305M, Num_Chunks:6,10.6417
,305M, Num_Chunks:6,19.6395
,305M, Num_Chunks:6,12.1068
,305M, Num_Chunks:6,22.9216
,305M, Num_Chunks:6,12.0118
,305M, Num_Chunks:6,11.4804
,305M, Num_Chunks:6,11.4312
,305M, Num_Chunks:6,26.3198
,306M, Num_Chunks:6,26.8527
,306M, Num_Chunks:6,10.9580
,306M, Num_Chunks:6,22.8906
,306M, Num_Chunks:6,10.9809
,306M, Num_Chunks:6,23.1300
,306M, Num_Chunks:6,15.5549
,306M, Num_Chunks:6,11.1372
,306M, Num_Chunks:6,12.7792
,306M, Num_Chunks:6,23.0466
,306M, Num_Chunks:6,19.3768
,307M, Num_Chunks:6,12.9383
,307M, Num_Chunks:6,11.8624
,307M, Num_Chunks:6,16.1825
,307M, Num_Chunks:6,11.1548
,307M, Num_Chunks:6,10.7407
,307M, Num_Chunks:6,10.5878
,307M, Num_Chunks:6,12.4408
,307M, Num_Chunks:6,11.2103
,307M, Num_Chunks:6,15.8330
,307M, Num_Chunks:6,15.9056
,308M, Num_Chunks:6,11.3184
,308M, Num_Chunks:6,15.7206
,308M, Num_Chunks:6,12.9328
,308M, Num_Chunks:6,12.8886
,308M, Num_Chunks:6,13.5192
,308M, Num_Chunks:6,12.7847
,308M, Num_Chunks:6,10.8906
,308M, Num_Chunks:6,18.2783
,308M, Num_Chunks:6,12.2250
,308M, Num_Chunks:6,22.6185
,309M, Num_Chunks:6,10.8074
,309M, Num_Chunks:6,11.1915
,309M, Num_Chunks:6,10.8594
,309M, Num_Chunks:6,13.2634
,309M, Num_Chunks:6,11.3177
,309M, Num_Chunks:6,13.0114
,309M, Num_Chunks:6,23.0588
,309M, Num_Chunks:6,10.8292
,309M, Num_Chunks:6,14.2992
,309M, Num_Chunks:6,11.6955
,310M, Num_Chunks:6,17.3976
,310M, Num_Chunks:6,22.7903
,310M, Num_Chunks:6,16.6750
,310M, Num_Chunks:6,13.9027
,310M, Num_Chunks:6,10.8071
,310M, Num_Chunks:6,14.7400
,310M, Num_Chunks:6,11.6001
,310M, Num_Chunks:6,14.8193
,310M, Num_Chunks:6,11.6303
,310M, Num_Chunks:6,11.3266
,311M, Num_Chunks:6,27.1473
,311M, Num_Chunks:6,12.2624
,311M, Num_Chunks:6,20.7923
,311M, Num_Chunks:6,10.7499
,311M, Num_Chunks:6,10.7916
,311M, Num_Chunks:6,23.2115
,311M, Num_Chunks:6,11.2645
,311M, Num_Chunks:6,10.9379
,311M, Num_Chunks:6,12.8780
,311M, Num_Chunks:6,10.8740
,312M, Num_Chunks:6,11.4667
,312M, Num_Chunks:6,10.2454
,312M, Num_Chunks:6,13.5239
,312M, Num_Chunks:6,11.2490
,312M, Num_Chunks:6,10.6806
,312M, Num_Chunks:6,11.2007
,312M, Num_Chunks:6,15.8910
,312M, Num_Chunks:6,11.6424
,312M, Num_Chunks:6,19.4028
,312M, Num_Chunks:6,11.5155
,313M, Num_Chunks:6,12.1203
,313M, Num_Chunks:6,14.6797
,313M, Num_Chunks:6,11.8813
,313M, Num_Chunks:6,11.1895
,313M, Num_Chunks:6,20.9371
,313M, Num_Chunks:6,10.8227
,313M, Num_Chunks:6,16.6168
,313M, Num_Chunks:6,11.1755
,313M, Num_Chunks:6,13.0148
,313M, Num_Chunks:6,11.7595
,314M, Num_Chunks:6,12.0430
,314M, Num_Chunks:6,11.3455
,314M, Num_Chunks:6,11.1064
,314M, Num_Chunks:6,11.1615
,314M, Num_Chunks:6,18.2540
,314M, Num_Chunks:6,10.5362
,314M, Num_Chunks:6,14.4184
,314M, Num_Chunks:6,10.7073
,314M, Num_Chunks:6,14.0552
,314M, Num_Chunks:6,10.6076
,315M, Num_Chunks:6,11.1990
,315M, Num_Chunks:6,12.1654
,315M, Num_Chunks:6,26.3419
,315M, Num_Chunks:6,23.6857
,315M, Num_Chunks:6,11.1151
,315M, Num_Chunks:6,23.0619
,315M, Num_Chunks:6,16.9313
,315M, Num_Chunks:6,14.3882
,315M, Num_Chunks:6,11.1292
,315M, Num_Chunks:6,11.8101
,316M, Num_Chunks:6,20.1671
,316M, Num_Chunks:6,11.5830
,316M, Num_Chunks:6,15.8414
,316M, Num_Chunks:6,11.3323
,316M, Num_Chunks:6,22.2295
,316M, Num_Chunks:6,17.5028
,316M, Num_Chunks:6,12.1101
,316M, Num_Chunks:6,10.6113
,316M, Num_Chunks:6,13.9171
,316M, Num_Chunks:6,10.5348
,317M, Num_Chunks:6,11.5719
,317M, Num_Chunks:6,11.0429
,317M, Num_Chunks:6,11.1914
,317M, Num_Chunks:6,11.5389
,317M, Num_Chunks:6,10.8125
,317M, Num_Chunks:6,11.2082
,317M, Num_Chunks:6,14.5196
,317M, Num_Chunks:6,13.9676
,317M, Num_Chunks:6,11.5924
,317M, Num_Chunks:6,13.7749
,318M, Num_Chunks:6,11.7784
,318M, Num_Chunks:6,12.0941
,318M, Num_Chunks:6,16.7154
,318M, Num_Chunks:6,16.6826
,318M, Num_Chunks:6,22.4244
,318M, Num_Chunks:6,11.1010
,318M, Num_Chunks:6,11.5839
,318M, Num_Chunks:6,10.7876
,318M, Num_Chunks:6,11.4156
,318M, Num_Chunks:6,19.0633
,319M, Num_Chunks:6,11.8111
,319M, Num_Chunks:6,11.1420
,319M, Num_Chunks:6,18.9037
,319M, Num_Chunks:6,21.6785
,319M, Num_Chunks:6,11.9848
,319M, Num_Chunks:6,13.6050
,319M, Num_Chunks:6,15.3330
,319M, Num_Chunks:6,12.0471
,319M, Num_Chunks:6,14.5226
,319M, Num_Chunks:6,22.8915
,320M, Num_Chunks:6,18.3594
,320M, Num_Chunks:6,10.7521
,320M, Num_Chunks:6,21.7971
,320M, Num_Chunks:6,12.2367
,320M, Num_Chunks:6,26.8279
,320M, Num_Chunks:6,11.1862
,320M, Num_Chunks:6,16.3490
,320M, Num_Chunks:6,11.3778
,320M, Num_Chunks:6,18.4013
,320M, Num_Chunks:6,11.4320
,321M, Num_Chunks:6,11.1106
,321M, Num_Chunks:6,26.9913
,321M, Num_Chunks:6,11.9801
,321M, Num_Chunks:6,12.4815
,321M, Num_Chunks:6,11.9303
,321M, Num_Chunks:6,16.2452
,321M, Num_Chunks:6,20.1592
,321M, Num_Chunks:6,12.0927
,321M, Num_Chunks:6,14.7446
,321M, Num_Chunks:6,11.5943
,322M, Num_Chunks:6,10.8880
,322M, Num_Chunks:6,11.2436
,322M, Num_Chunks:6,11.1360
,322M, Num_Chunks:6,11.6627
,322M, Num_Chunks:6,10.7152
,322M, Num_Chunks:6,11.2852
,322M, Num_Chunks:6,11.0151
,322M, Num_Chunks:6,12.7902
,322M, Num_Chunks:6,12.0009
,322M, Num_Chunks:6,11.1067
,323M, Num_Chunks:6,15.5428
,323M, Num_Chunks:6,16.0647
,323M, Num_Chunks:6,12.3994
,323M, Num_Chunks:6,11.2258
,323M, Num_Chunks:6,14.3448
,323M, Num_Chunks:6,11.9091
,323M, Num_Chunks:6,26.6575
,323M, Num_Chunks:6,24.0909
,323M, Num_Chunks:6,11.1910
,323M, Num_Chunks:6,10.9404
,324M, Num_Chunks:6,10.6773
,324M, Num_Chunks:6,14.4568
,324M, Num_Chunks:6,12.3558
,324M, Num_Chunks:6,26.6151
,324M, Num_Chunks:6,16.7882
,324M, Num_Chunks:6,17.3040
,324M, Num_Chunks:6,11.2563
,324M, Num_Chunks:6,22.6498
,324M, Num_Chunks:6,23.4065
,324M, Num_Chunks:6,13.0033
,325M, Num_Chunks:6,10.8728
,325M, Num_Chunks:6,12.3823
,325M, Num_Chunks:6,12.9748
,325M, Num_Chunks:6,12.0635
,325M, Num_Chunks:6,20.5311
,325M, Num_Chunks:6,10.8594
,325M, Num_Chunks:6,15.8571
,325M, Num_Chunks:6,13.5969
,325M, Num_Chunks:6,11.8930
,325M, Num_Chunks:6,12.3860
,326M, Num_Chunks:6,11.7657
,326M, Num_Chunks:6,11.0027
,326M, Num_Chunks:6,13.3380
,326M, Num_Chunks:6,14.6736
,326M, Num_Chunks:6,12.0820
,326M, Num_Chunks:6,10.7243
,326M, Num_Chunks:6,11.4004
,326M, Num_Chunks:6,11.1318
,326M, Num_Chunks:6,13.3585
,326M, Num_Chunks:6,19.5627
,327M, Num_Chunks:6,21.7762
,327M, Num_Chunks:6,11.7060
,327M, Num_Chunks:6,11.6414
,327M, Num_Chunks:6,10.7998
,327M, Num_Chunks:6,13.6210
,327M, Num_Chunks:6,10.7338
,327M, Num_Chunks:6,26.8136
,327M, Num_Chunks:6,11.6524
,327M, Num_Chunks:6,10.6699
,327M, Num_Chunks:6,12.3104
,328M, Num_Chunks:6,13.7951
,328M, Num_Chunks:6,15.2000
,328M, Num_Chunks:6,13.4782
,328M, Num_Chunks:6,12.3206
,328M, Num_Chunks:6,12.1816
,328M, Num_Chunks:6,12.9724
,328M, Num_Chunks:6,12.2421
,328M, Num_Chunks:6,11.5947
,328M, Num_Chunks:6,14.1589
,328M, Num_Chunks:6,13.3873
,329M, Num_Chunks:6,11.6878
,329M, Num_Chunks:6,13.6081
,329M, Num_Chunks:6,10.9139
,329M, Num_Chunks:6,13.0420
,329M, Num_Chunks:6,15.7072
,329M, Num_Chunks:6,10.7255
,329M, Num_Chunks:6,12.2975
,329M, Num_Chunks:6,12.1070
,329M, Num_Chunks:6,19.2260
,329M, Num_Chunks:6,16.0006
,330M, Num_Chunks:6,13.9050
,330M, Num_Chunks:6,13.8712
,330M, Num_Chunks:6,13.9801
,330M, Num_Chunks:6,10.9355
,330M, Num_Chunks:6,15.9978
,330M, Num_Chunks:6,13.6085
,330M, Num_Chunks:6,13.2773
,330M, Num_Chunks:6,12.9620
,330M, Num_Chunks:6,18.2496
,330M, Num_Chunks:6,10.9113
,331M, Num_Chunks:6,12.6311
,331M, Num_Chunks:6,12.5648
,331M, Num_Chunks:6,10.5822
,331M, Num_Chunks:6,11.1411
,331M, Num_Chunks:6,26.6737
,331M, Num_Chunks:6,11.9628
,331M, Num_Chunks:6,11.3339
,331M, Num_Chunks:6,12.6479
,331M, Num_Chunks:6,11.2268
,331M, Num_Chunks:6,10.6543
,332M, Num_Chunks:6,13.7648
,332M, Num_Chunks:6,12.2921
,332M, Num_Chunks:6,10.7258
,332M, Num_Chunks:6,12.4577
,332M, Num_Chunks:6,11.0140
,332M, Num_Chunks:6,11.0430
,332M, Num_Chunks:6,16.8416
,332M, Num_Chunks:6,13.6540
,332M, Num_Chunks:6,11.3476
,332M, Num_Chunks:6,12.2196
,333M, Num_Chunks:6,22.9376
,333M, Num_Chunks:6,13.6381
,333M, Num_Chunks:6,10.8016
,333M, Num_Chunks:6,11.1558
,333M, Num_Chunks:6,10.9523
,333M, Num_Chunks:6,10.7502
,333M, Num_Chunks:6,11.8638
,333M, Num_Chunks:6,12.6105
,333M, Num_Chunks:6,11.0140
,333M, Num_Chunks:6,11.0879
,334M, Num_Chunks:6,13.8317
,334M, Num_Chunks:6,11.4046
,334M, Num_Chunks:6,10.7126
,334M, Num_Chunks:6,11.5779
,334M, Num_Chunks:6,11.9734
,334M, Num_Chunks:6,10.9140
,334M, Num_Chunks:6,11.7850
,334M, Num_Chunks:6,19.1994
,334M, Num_Chunks:6,22.9967
,334M, Num_Chunks:6,11.2106
,335M, Num_Chunks:6,13.1131
,335M, Num_Chunks:6,11.3190
,335M, Num_Chunks:6,10.7589
,335M, Num_Chunks:6,22.0151
,335M, Num_Chunks:6,16.9156
,335M, Num_Chunks:6,11.5662
,335M, Num_Chunks:6,18.0997
,335M, Num_Chunks:6,14.5561
,335M, Num_Chunks:6,23.6521
,335M, Num_Chunks:6,11.8247
,336M, Num_Chunks:6,10.5411
,336M, Num_Chunks:6,14.3666
,336M, Num_Chunks:6,16.5846
,336M, Num_Chunks:6,11.2730
,336M, Num_Chunks:6,13.8039
,336M, Num_Chunks:6,11.3473
,336M, Num_Chunks:6,11.2606
,336M, Num_Chunks:6,11.3692
,336M, Num_Chunks:6,10.7493
,336M, Num_Chunks:6,19.1612
,337M, Num_Chunks:6,12.4091
,337M, Num_Chunks:6,11.0504
,337M, Num_Chunks:6,16.9337
,337M, Num_Chunks:6,11.4919
,337M, Num_Chunks:6,19.7011
,337M, Num_Chunks:6,10.2183
,337M, Num_Chunks:6,14.6709
,337M, Num_Chunks:6,10.6972
,337M, Num_Chunks:6,13.1470
,337M, Num_Chunks:6,15.0188
,338M, Num_Chunks:6,14.5852
,338M, Num_Chunks:6,13.2277
,338M, Num_Chunks:6,11.8405
,338M, Num_Chunks:6,10.9669
,338M, Num_Chunks:6,14.2812
,338M, Num_Chunks:6,10.7840
,338M, Num_Chunks:6,11.0012
,338M, Num_Chunks:6,10.5115
,338M, Num_Chunks:6,11.6676
,338M, Num_Chunks:6,10.9580
,339M, Num_Chunks:6,10.6959
,339M, Num_Chunks:6,11.0823
,339M, Num_Chunks:6,11.6320
,339M, Num_Chunks:6,12.7629
,339M, Num_Chunks:6,14.5152
,339M, Num_Chunks:6,13.2241
,339M, Num_Chunks:6,10.8099
,339M, Num_Chunks:6,11.6996
,339M, Num_Chunks:6,14.7920
,339M, Num_Chunks:6,11.9018
,340M, Num_Chunks:6,14.6940
,340M, Num_Chunks:6,13.2260
,340M, Num_Chunks:6,16.0270
,340M, Num_Chunks:6,19.2425
,340M, Num_Chunks:6,26.5422
,340M, Num_Chunks:6,10.8340
,340M, Num_Chunks:6,11.1184
,340M, Num_Chunks:6,22.4170
,340M, Num_Chunks:6,11.3662
,340M, Num_Chunks:6,13.7968
,341M, Num_Chunks:6,16.1957
,341M, Num_Chunks:6,12.1951
,341M, Num_Chunks:6,13.6437
,341M, Num_Chunks:6,11.4367
,341M, Num_Chunks:6,15.7321
,341M, Num_Chunks:6,10.7294
,341M, Num_Chunks:6,12.6502
,341M, Num_Chunks:6,11.7508
,341M, Num_Chunks:6,14.3990
,341M, Num_Chunks:6,11.8933
